"FxMean","FxMin","FxMax","FyMean","FyMin","FyMax","Fx2Mean","Fx2Min","Fx2Max","Fy2Mean","Fy2Min","Fy2Max","FzMean","FzMin","FzMax","MxMean","MxMin","MxMax","MyMean","MyMin","MyMax","MzMean","MzMin","MzMax","Body","Keel","Frequency","Speed","NetWorkX","NetWorkY","NetWorkZ"
0.0463378204823511,-0.281244553431727,0.364938800900832,-0.122253752733459,-0.595012241584901,0.35535677482015,0.134149893171182,-0.169060795293953,0.429656261763761,-0.0716141050479735,-0.431609710451374,0.419079953505151,-0.157121039032278,-0.80928223434269,0.505318688360915,0.000276481225477479,-0.00101462998491978,0.0015638862625342,-0.00129775792566689,-0.0140473752636301,0.0106148801290453,-8.28224858358847e-05,-0.00279774903496895,0.00232887651602602,"D","40","0.5","10",2.68767180294526,-1.42538129546892,-3.13283921644688
0.104962307353695,-0.907331772622541,0.975723622204718,-0.578118396810453,-1.94258017343804,0.661338320551211,0.305299021862124,-0.628864510727936,1.05984676268848,-0.458744020358102,-1.62332128733336,0.82026153302538,-0.705102279517978,-2.50920681365545,0.972987465789482,0.00103949661523666,-0.00202701150913236,0.00412260004318465,-0.00281214729123514,-0.0349812709733265,0.0333584124460054,-0.000103478097505887,-0.00606852401415015,0.00609706089640335,"D","40","0.5","20",6.07146460482181,-9.24614488024599,-14.2149440159774
0.215851743708499,-1.89688970163013,2.03336403016861,-1.26816089255135,-3.74840349436031,1.21516998622418,0.625359470819926,-1.22054329389477,2.15317619560574,-1.01698332268862,-3.19147520304571,1.51892581078371,-1.53488229694952,-4.91725059505736,1.82133151207348,0.0022053402894922,-0.00393514571034391,0.00843126072207687,-0.00615164285680861,-0.0708843820452693,0.0685166473610009,-0.000391785887067495,-0.0115294835144192,0.0117020940697573,"D","40","0.5","30",12.5233569489064,-20.3232181273488,-30.6630113230494
-0.149095630920738,-2.14969695683067,1.43439016590413,0.00879091852791176,-1.95837761176629,2.20390622161291,0.0124617849355264,-2.18744180411988,2.15828149513922,0.085747231971613,-2.25783033966579,2.43643859552669,-0.00535648705009139,-2.68787103566933,2.93549784240989,5.6789214574465e-05,-0.00525486795309442,0.00498224991535394,0.00499937843098435,-0.0550323841891965,0.0747981766741653,0.00070029507788223,-0.0103306020054725,0.0119551457353703,"D","40","1.5","10",0.116745645428523,0.630631302675397,-0.00164764533820971
-0.154686711597758,-2.36758207266333,2.0150220597839,-0.483589730916254,-3.46831270173507,2.76961803445398,-0.0177125354496362,-2.79930132115282,3.0352342994251,-0.304472697732074,-3.74774670111677,3.31923968508123,-0.618486864245728,-4.69642734120237,3.758722648296,0.00100529200122461,-0.00691884857999054,0.0085299385760997,0.00566714164922075,-0.0825065810566068,0.0906723485812582,0.000997165816897481,-0.0171196881380835,0.0180678515312557,"D","40","1.5","20",-0.123462618988356,-2.13069615384666,-4.3290579634413
-0.144487424186395,-3.26567748829702,2.94503254962231,-1.20049350903143,-5.00442813172944,3.22877356028222,-0.0153345042103672,-3.71379396005457,4.15069873515693,-0.860748797639298,-5.49921163509175,4.25059466240685,-1.482730698558,-6.66593408662305,4.49364477319274,0.00220509861460661,-0.00861999187564678,0.0117135957935146,0.00588864234432258,-0.114216429925947,0.118324339250731,0.00127721031383656,-0.0220143786645134,0.0225349154464314,"D","40","1.5","30",-0.112745812543068,-6.03078965402528,-10.3860407115171
0.00108399891954776,-0.784163275681262,0.937280639599812,-0.0630623550605796,-1.20681592311385,1.26744378885741,0.0190940446134909,-0.701062407124331,0.821852192952149,-0.0745886457250097,-0.937087756852197,1.17177833219217,-0.0831230588492386,-1.63812738430656,1.71329846792953,0.000149574303694069,-0.00307301535935608,0.00300126292050932,0.000218027936816887,-0.0365059514339829,0.030150172458476,0.000125919871313113,-0.00702613541229073,0.00625868754304451,"D","40","1","10",0.214298400347246,-0.705226453073692,-0.7691378907341
0.0488586130801845,-1.25265900246506,1.62037178555462,-0.491325646226945,-2.42366726693331,1.79519615354407,0.147190971471843,-1.31467989676447,1.48601471073817,-0.503182724843073,-2.11263694400092,1.65204610706639,-0.601262588884013,-3.21019294175804,2.50582700218372,0.000889301184261519,-0.00478459323165355,0.00559676109368668,-0.00116125583277698,-0.0632634488589908,0.0481082129191348,3.96220419426756e-05,-0.0121962359363599,0.0101264560225397,"D","40","1","20",1.4444588142851,-5.07379330857657,-6.07649496507292
0.0708204640814384,-2.41208307534256,2.56562544141425,-1.22943398820217,-4.09038966981538,2.48665488220691,0.363514196867428,-2.37588408150237,2.30557206796466,-1.16771176520525,-3.6706615981716,2.13729241763111,-1.49940156425078,-5.40149174909574,3.49373070101774,0.00218285647932845,-0.00676327204385252,0.00936779373802906,-0.00139123788794331,-0.0939228977711013,0.085473285187587,0.000236330506043291,-0.0164776591792818,0.0154585202403138,"D","40","1","30",3.64648135366497,-11.6725123947108,-14.9909737469825
-0.268293263074953,-9.49924936850548,3.52320188783971,0.276181529413643,-7.65654450179138,6.72477544561801,-0.660730428641183,-7.8409075660618,3.06069416386937,0.0425091785187752,-5.61202830553312,4.44815845122441,0.323920736733598,-10.490104595793,8.97211061071293,-0.000463127288031162,-0.0161796167540873,0.0206001559340975,0.00887293325763184,-0.126536197047446,0.324816420917417,0.00118337020714452,-0.0211376765446842,0.048210624307789,"D","40","2.5","10",-2.62443959135339,0.205019283055833,1.36392015463514
-0.367583577442717,-6.05947575797037,3.82864045965733,-0.346869641597801,-6.36401127067064,6.8299839770464,-0.972053815102011,-6.15004776773547,2.71948568251951,-0.84166375502467,-6.50155396660789,3.57437724137422,-0.457700346660482,-8.75664182409034,9.21466574623278,0.000760783071301475,-0.0169297348813477,0.0162771503003201,0.0123232128945375,-0.143714965390728,0.218048240315246,0.00174865308251056,-0.0265166171240924,0.0363279667641075,"D","40","2.5","20",-3.88827569963087,-3.36478598306621,-1.82355632694998
-0.459924328166708,-7.46089507118518,4.68790426965433,-1.44805170372863,-9.28415953270761,6.10101274161186,0.476414283550459,-5.97321194693964,3.77215375781023,-0.690884233577211,-7.40107889269357,5.04814662144666,-1.81232548188871,-12.4647047265566,8.40893127288939,0.0027564427708642,-0.0158910478664853,0.0224777327681333,0.0163927906517891,-0.17583299265311,0.265106390760574,0.00273929447141883,-0.0317340180631036,0.0429576735445165,"D","40","2.5","30",1.91260920392551,-2.75770711807695,-7.23565933520604
-0.249245610890122,-3.51653931934225,2.22997810282641,0.22520114758568,-3.45098097358649,4.31279479016787,-0.988226518804738,-3.6019194415614,0.747189910865224,-0.31433391375099,-3.54362442200194,2.58674819673115,0.259198135170267,-4.79530550512137,5.73229856701751,-0.000353431879083382,-0.0102051598579474,0.00903250348254754,0.00836383671651819,-0.079708676262947,0.129865011916945,0.00116165089953514,-0.0164196810529054,0.0227779472659307,"D","40","2","10",-4.9228173659194,-1.54642194421058,1.34470589252555
-0.264534100127249,-4.05569470476551,2.97528717413009,-0.316502791287439,-4.83664039112603,4.89302414186217,-1.01378805566426,-4.18647841382022,1.6306002740059,-0.926911116484431,-5.02184237744268,2.75971325824402,-0.408917057614067,-6.59705929362494,6.56424633014437,0.000647606813170816,-0.0117452253641385,0.0120426605317927,0.0092634399494313,-0.112686462964708,0.151607786153977,0.00146086223275543,-0.0221451884698946,0.0281057310543605,"D","40","2","20",-5.05495147167403,-4.62244450224807,-2.02513044060061
-0.347438740601454,-4.70084027732655,3.76869075275533,-1.21070442207431,-6.19791004787407,4.85987147361012,-1.053165583151,-4.88403236211113,2.00215586506095,-1.92171307486483,-6.39636907751174,2.02868049206793,-1.50656596768664,-8.2765454591577,6.63887582476486,0.00225641871130419,-0.012236622157997,0.0144720582745501,0.0124082683776329,-0.143820721941877,0.174171342679918,0.00208941351655041,-0.0274705244975055,0.0316225690028238,"D","40","2","30",-5.2670524966743,-9.60107936797067,-7.51802185692031
-0.297131967705722,-6.83110407045036,4.52284796981918,0.22991225696074,-10.7243390918145,8.07377592842242,-0.0536426815461117,-5.23292814110425,3.43520161769047,0.629020194681729,-8.19752077653481,6.97463796555652,0.263535025538273,-14.7418304995902,10.9349236171519,-0.000362734927637818,-0.0205917567417901,0.028584043021804,0.00993277742797542,-0.147748790467289,0.223850057759894,0.00136831056920265,-0.0196576351985719,0.0298566047717171,"D","40","3","10",-0.137526446422576,1.89924301010456,0.818469698807462
-0.297864351362017,-9.67597282291872,10.8048216717905,-0.41953512314838,-11.5872027587282,10.6002675361715,0.626988076979209,-5.39386362304613,11.3826273404629,0.460862283954086,-8.01418258021561,11.1237653465215,-0.534712445377737,-15.9312108773967,14.9135725723893,0.000826463843457362,-0.0294879461019869,0.0301281968211899,0.0101727180469212,-0.361155816488061,0.33073789098893,0.00151972463979171,-0.0508033804124397,0.0492977456316128,"D","40","3","20",1.89104294698018,1.3965848792061,-1.58011228204964
-0.578169083590979,-9.97360753371409,5.33063406562349,-1.78011081724229,-12.2435187825549,8.83586515733085,0.556738113745275,-7.7762398229769,5.67003591662956,-0.840093018985569,-10.4223094843792,9.0976072058474,-2.23629397652141,-16.2260408624456,12.0575625976269,0.00344236252418428,-0.0228560877438008,0.0279446968633793,0.0204536152613027,-0.189798341754242,0.337544548229171,0.00336339198330918,-0.0309970334261701,0.0491889395745297,"D","40","3","30",1.68057085034968,-2.48948740156129,-6.6638503655513
0.299939070067188,-0.21011843864359,1.9223765621518,0.00254494170633477,-2.00688309234762,1.24531159335086,0.648323996119387,-0.179955468708215,2.41896425979897,-0.0996759962507792,-2.49384138135929,1.18677986925368,-0.0799452197437312,-2.6633790198231,1.31308749702721,0.000586045384804503,-0.00099187942469248,0.00683330639518323,-0.00836154759435822,-0.0635693435576668,0.00523007298707021,-0.000568690877547496,-0.0119913555664004,0.00190213242159644,"D","60","0.5","10",12.9663608556948,-2.00684857730676,-1.61421835564397
0.571691933828111,-0.240061333949535,1.42701136915308,-0.848735260187372,-2.61849254400873,0.396413150247145,0.410423246304495,-0.63246701516148,1.37764299041376,-0.597043161644107,-2.59720747824196,1.14177098069617,-0.917654306468461,-3.52433592119797,0.962749307930401,0.000888092716415059,-0.00356218688516158,0.00711442002573996,-0.0212825311186932,-0.0468211230421823,0.00211220839372528,-0.00368974473579358,-0.0077596019397945,0.00267285834689124,"D","60","0.5","20",8.23080187384403,-11.9116302965558,-18.3307771443142
0.595580088226182,-1.55724340698292,2.99974394728642,-1.51191764993852,-3.78399049222149,0.416916783364035,0.160081649081054,-2.30123191829824,2.65395387331054,-1.04764571874953,-3.91124563530932,2.09051837366472,-1.62091637007842,-4.89656444490989,1.16487325146536,0.00135485705799877,-0.00440006770939112,0.00845356386498652,-0.0204701866402206,-0.101739562858683,0.041251374849047,-0.00294328532306059,-0.0147373952548691,0.0053329364987891,"D","60","0.5","30",3.12451007688469,-21.0928602832137,-32.559890028846
0.176208009871136,-1.05388892237548,2.12040238517704,0.49954416484973,-1.54446601888689,2.6908734724293,0.441854320564968,-1.4692551172241,3.45063588919233,0.481585356336434,-1.59864582605724,3.15442871170383,0.208324705968893,-2.70982412830932,3.36215416615031,0.00183398115129217,-0.00487377061544146,0.00807676509379823,-0.00947436503259909,-0.0677487750767063,0.0292881925592458,-0.00268152881963472,-0.0105228866426884,0.00517839685785485,"D","60","1.5","10",3.09591415681962,3.37136779253615,1.45973931824506
0.448113244532116,-1.53206399924415,3.02872978583695,-0.66376777856198,-3.35859930981406,1.30523056674403,-0.0656103840470938,-3.19149664149769,2.83971029403725,-0.173204320605162,-3.5847038407162,3.19111025843556,-0.711651731554004,-4.8514309536321,2.23041396374605,0.000643491690078128,-0.00576678141760643,0.0103467577042204,-0.0157721135417172,-0.109387485034328,0.0673803905888281,-0.00243538756449649,-0.0184118692333406,0.0166099895651392,"D","60","1.5","20",-0.480308645452169,-1.23682847714213,-5.0012361309291
0.290822261275039,-3.00087407558995,4.31063484941399,-1.33703028599691,-4.18978883798258,1.21026964533872,-0.27476199961111,-3.46412119958741,3.6491447014856,-0.515194992070113,-4.5496124041781,4.10305273011299,-1.43903115382511,-5.66918787355953,2.25845281874293,0.00118241778482773,-0.00639361883201201,0.0103440957021034,-0.01019625737437,-0.157565581460074,0.10461339076907,-0.00149395398943439,-0.0273400061426984,0.0215973191322209,"D","60","1.5","30",-1.93687177664196,-3.62139714761815,-10.0886157197619
0.251392977922146,-0.365251129584602,1.24664389759908,0.359389551296838,-1.34053060234368,1.6271899951472,0.401985814039908,-0.371269798087314,1.74356737609255,0.403621840434918,-1.14737898989016,2.02981637133676,0.034113176564447,-2.36304757275393,1.84431635436885,0.00211654700768433,-0.00172609135081622,0.0073940554673956,-0.0116671568841692,-0.0431350643035103,0.00798792033738153,-0.0028624775904171,-0.00665198902934458,0.00101149853669055,"D","60","1","10",4.01888787699227,4.04936175453167,0.362615737158194
0.588337700285551,-0.504617476235541,1.9641467794605,-0.732144290057175,-2.72365460929832,0.704149097176913,0.373528775169066,-1.32506593761816,2.02914420850226,-0.54388282978751,-2.68909890054881,1.3033165656274,-0.760447303393958,-3.736804399308,1.37623315784611,0.000576962808372387,-0.00435267599062577,0.00766583197019687,-0.0211103659829021,-0.0696638645387544,0.013515748461455,-0.00340787657130911,-0.0114643985232428,0.00662650632849889,"D","60","1","20",3.70378124876788,-5.48670194805527,-7.66743366075934
0.553926934055819,-1.96405535653356,3.25594121687409,-1.39778168964743,-3.90160852895493,0.728774410659265,0.139723616175431,-3.22717708906412,3.32067405994735,-1.21902661231014,-4.17480525623681,1.58371196387017,-1.47228047880378,-5.1434125716623,1.5749481334928,0.00108299391709334,-0.00509387824147406,0.00907153800588843,-0.0192121813943005,-0.114223639762401,0.0546647085621162,-0.00282304650625625,-0.0185693092961413,0.012310600207766,"D","60","1","30",1.34987157420028,-12.2340956932421,-14.7675091527672
0.192194859408922,-4.88159164962513,4.4125547608796,0.897131117566511,-1.97101726454803,4.13260957309716,-0.38236176895931,-5.12725532366297,3.44454683054489,0.186337537559416,-3.66095254416388,3.0266294968482,0.683720270649507,-3.6206918672049,5.38982487950797,0.00117915028875171,-0.00864079076680322,0.0105860988288382,-0.00878845495614853,-0.149165157423547,0.159820597556733,-0.0021694166462366,-0.0222269854200225,0.0211563521594699,"D","60","2.5","10",-1.52949289110165,0.741581449766386,2.73198151862198
0.434182737600534,-6.21420879673699,5.69292895526641,-0.424208918758998,-4.47902635377261,3.50095102033343,0.453242725267183,-6.39390129818964,5.98784809617241,-0.0373780584352641,-5.17933978231431,4.33131301121611,-0.38231030813965,-6.35333598606764,5.28782492474886,-3.68235519810347e-05,-0.0115874152959388,0.0131424773899265,-0.014673884411589,-0.202225557831024,0.227461250019319,-0.00206517395686562,-0.0326319861020289,0.0389891289286757,"D","60","2.5","20",1.81977456406275,-0.143224604994958,-1.52140468509435
0.615927653152216,-8.16781133657596,7.40565682634499,-0.904138854373251,-4.90896267018671,3.52777783377185,0.233858195973901,-7.95402551697044,5.84131075336064,-1.3928266489889,-5.46188669310707,0.851971735621935,-0.93834117586662,-7.0281719510835,5.512588925262,0.000659365956568291,-0.0123867093926526,0.0136271576871178,-0.0205468887915534,-0.265307049628074,0.281265634679842,-0.00277788079898333,-0.0435668511503575,0.0423914477045879,"D","60","2.5","30",0.944019823240126,-5.56713310468422,-3.74661073222796
0.151192974602351,-3.68792024081885,3.58600041218018,0.754692041221883,-1.96779972863773,3.52132774656123,0.0461724836471118,-3.97218714901695,3.5617395603928,0.39064039276601,-3.27524509812948,3.27053684388322,0.524401554193488,-3.4821132895588,4.53483548995293,0.00133065254069929,-0.00695242704591144,0.00988185049650601,-0.00762165782795932,-0.125627199119805,0.119833914960052,-0.00207066765874561,-0.0198273195930664,0.0170788742506091,"D","60","2","10",0.239144708034104,1.96060276772278,2.63291205918517
0.419226550193841,-3.68269393642027,4.75382314939411,-0.525014285817073,-3.48337564438078,2.27336657527326,-0.00136749243992775,-4.77085229864093,4.34041095513133,-0.929253564543234,-4.58825757884714,1.9770135866832,-0.484981786633273,-4.96035744730795,3.66022653555852,1.24144623954456e-05,-0.00876574424180094,0.0100532051252574,-0.0147132918319816,-0.172348227372821,0.131219596997486,-0.00225814634371519,-0.0292254724518441,0.0231937518788479,"D","60","2","20",-0.00626710913610395,-4.64550914867777,-2.42376724096039
0.398668596368235,-5.03441412646538,5.88388932085497,-1.03129448672936,-4.50179413800689,2.22737940261756,-0.169965443904274,-6.44578525205133,5.46418770018155,-1.66775361664197,-6.21275107623198,1.31865019408679,-1.06043017174615,-6.27861109410846,3.69489969226131,0.0006205006888399,-0.00892110610619013,0.011913040478231,-0.0133306467311731,-0.214221262712781,0.178078706953206,-0.00177871702153114,-0.0368086146358609,0.0308430202522849,"D","60","2","30",-0.848916198089682,-8.33848646494062,-5.30189290831731
0.190350920306138,-9.05265819199112,4.72047825540218,0.994539602766073,-6.23118956962786,6.59446147884114,0.472183615650663,-9.07749866824534,6.51054423512698,1.52328004758993,-7.03385314549097,7.75539398158266,0.716910119348416,-9.63392344491506,8.63926891525371,0.00159362668720132,-0.0149504375423903,0.0227193255162651,-0.0106628667275164,-0.153324242565789,0.278590176671725,-0.0031448152439941,-0.02033810881511,0.0303373694815582,"D","60","3","10",1.43836377673063,4.57087989615593,2.14798829126539
0.446167020771145,-13.2210804371473,7.03537451869876,-0.297648132193391,-8.89823996195798,6.06698194561782,0.584169317909767,-14.8000484858957,8.25585077626263,0.286804121428089,-11.2737876338883,7.86167627628293,-0.26414390787181,-12.5673447818245,8.74616841722546,-9.6274060212178e-06,-0.018208367532862,0.0243197928159209,-0.0159365127556581,-0.240041668807169,0.426119178742343,-0.00256413035855721,-0.0353833443134489,0.0540489727736394,"D","60","3","20",1.77406596349988,0.874783181500078,-0.7760304751543
0.306771400981919,-7.56748268086476,7.52079178525345,-1.19533308130823,-7.80899868407824,4.81019231973927,0.146261124983609,-8.70205230817514,8.69864752552201,-0.794295606634268,-9.03453915887039,7.30178669234126,-1.26426171611247,-10.4854618276921,7.25255826299657,0.000913777087823449,-0.0158419486705888,0.0185972040326819,-0.0101065005113352,-0.261143901082224,0.253078637573534,-0.0012644615709032,-0.040110941752473,0.0365305571496862,"D","60","3","30",0.448176441272096,-2.38129402425511,-3.79098438703795
0.10590270911353,-0.200175659043949,0.38522310680346,-0.0311091112277422,-0.496165396516754,0.428833738808863,0.181889057633014,-0.0760472991824538,0.432603432490181,0.000384469588421035,-0.375848949484908,0.459214254824974,-0.0320069744022519,-0.671510078296691,0.599803717399177,3.89537702745672e-05,-0.00120217983230565,0.00126208493387741,-0.00348588097037631,-0.0152160047905542,0.00753021297342679,-0.000463605351835045,-0.00304194655911533,0.00176285498156488,"D","no","0.5","10",3.64449517793037,0.0242167128617439,-0.61587074823683
-0.0365774068141671,-1.04418306351974,0.86377703885825,-0.743378299075627,-1.92851786955757,0.500521515907158,0.172686258603582,-0.764274982527298,0.940812093302334,-0.599645544589391,-1.59067342104688,0.663343730928427,-0.932992611299933,-2.54931521258784,0.745123585952495,0.00146520448324702,-0.00156729222647184,0.00443239149746038,0.00261185156379605,-0.0312641335424809,0.0392172847399904,0.000911289926608388,-0.00553575534341108,0.00731426371764113,"D","no","0.5","20",3.42914688065321,-12.0297456390617,-18.7183359055634
-0.524905148504633,-2.70745167598524,1.43260711829398,-2.24557462159206,-4.60159052336936,0.260752443542355,-0.0751864130956006,-2.18059718433438,1.40904572475887,-1.85443890368328,-4.0414009749519,0.664639681373145,-2.83176865610913,-6.02631129735787,0.5468136060573,0.00442312843056379,-0.00162163387169275,0.0101508190892538,0.0216772531254974,-0.0503214769888719,0.100652248361359,0.00464888782224261,-0.00809684332865564,0.0180195141278673,"D","no","0.5","30",-1.41724146953675,-36.9574688523571,-56.4385570896848
-0.119228696614615,-1.90895128591016,1.13226386033225,0.0248597737625046,-2.10336394324532,2.21559583986459,0.0883119638839477,-1.92750062805727,2.0433280395562,0.123561816535123,-2.19714686545475,2.45728964053494,0.00879638140423848,-2.86863264228527,2.95290085319497,6.92490804847579e-05,-0.00526903823546627,0.00526586852640069,0.00411225392791217,-0.0447658617423762,0.0652731324180581,0.000615558933772767,-0.00911398465574922,0.0119050616488061,"D","no","1.5","10",0.655065749765754,0.907273003292971,0.115817835398614
-0.225431101236543,-2.2787870765314,1.81225378561497,-0.580449441248525,-3.47353106413843,2.62739287359911,-0.138152748433055,-2.93744116749679,2.94095460777552,-0.423707764396299,-3.95141545445545,3.19227878106981,-0.750099514052596,-4.71013029715854,3.5750099621837,0.00124670672082247,-0.00657456922236857,0.00856743005408882,0.00828052727222276,-0.0703342964608055,0.0892858143994964,0.00145625119663719,-0.0141890873768032,0.019141527820461,"D","no","1.5","20",-0.947165981774106,-2.94324805062979,-5.22253619373987
-0.908016875318003,-3.99560659754428,2.3345524471494,-2.25209277595143,-5.63040789514858,2.12651249783791,-1.09571352242141,-4.30461819226581,3.07129845947165,-1.96748762674934,-6.15849240560813,3.0620052143722,-2.86310294963463,-7.46026942207722,3.05455034765326,0.00451213901621437,-0.00611032056557823,0.0129095047005501,0.0338088749426452,-0.091424089833005,0.146988832707382,0.0060931095785507,-0.0179608889728513,0.026931372004745,"D","no","1.5","30",-7.68321582915632,-13.788767164031,-20.0601705700392
0.0464654929165064,-0.631979115009568,0.864653572129475,-0.00895593381277174,-1.21185154775921,1.44864729183654,0.0710889081217834,-0.506015938521878,0.595574087916491,-0.0128831090496496,-0.883007764998373,1.24049885913692,-0.00791603089862896,-1.64309538062774,1.93362848234058,5.08009505606163e-06,-0.00340378028180812,0.00302533634042519,-0.0014492691957791,-0.0342522292493945,0.0258121085925146,-0.000163450060453606,-0.00678654971276038,0.00582931919255468,"D","no","1","10",0.717427583368135,-0.109733306235142,-0.0480694678850853
-0.146842143682992,-1.50811309243683,1.32941251905026,-0.756761658477698,-2.55058035324623,1.45180118285278,0.0315292351949545,-1.53864526234868,1.28026848700949,-0.703742543521164,-2.15149116986978,1.36835205365054,-0.958388778795228,-3.38707262430593,2.02334004439603,0.00152566261166105,-0.00383952575867639,0.00594378834016683,0.00617751471226552,-0.0521730028619049,0.0552222371893451,0.00136461450440194,-0.0101405558760703,0.0108346586638053,"D","no","1","20",0.311023887825915,-7.03204491015822,-9.57262729795548
-0.636528428742756,-3.30508854579313,1.80825968601906,-2.18051862520133,-4.87686085392748,1.12687092746459,-0.410392129235236,-3.55036145690707,1.85364987390185,-2.06860587045059,-4.64959633553259,1.29192452344352,-2.75991199139262,-6.43195489915566,1.69249686609661,0.00433735878033706,-0.0037152127417503,0.0110044531222718,0.0250116952087582,-0.067414764214415,0.120130103568549,0.00496502420560375,-0.0128820636200597,0.0211766852220288,"D","no","1","30",-4.06632486647777,-20.6583240559848,-27.5609449906478
-0.303639969340505,-5.06857522633012,3.64603133759545,0.265232554275128,-5.52621715615074,6.33506553889854,-0.55307963489369,-4.20275852305867,2.21914134154026,0.195428072621589,-4.62416828002904,3.95910204555062,0.302300550624495,-7.61244213007351,8.51297404065431,-0.00039577680834608,-0.0155183597111925,0.0142992308058687,0.00994204299796107,-0.13247317094239,0.177940262438698,0.00129159494223355,-0.0226217580034614,0.028147548390744,"D","no","2.5","10",-2.19424232547817,0.80450222346866,1.25690943521681
-0.469595604194494,-5.90958247250513,4.28861671967774,-0.610370512978334,-7.29287694489206,6.38978765193733,-0.455781658340876,-5.44854176085821,2.8278061767979,-0.537631843168119,-6.70538788456291,4.22051218720168,-0.798044575568595,-9.92325591947912,8.6839019968789,0.0013144351480395,-0.0160834776177402,0.0186502081630561,0.016938357758066,-0.15987446063477,0.213129878131978,0.00284308111390601,-0.0285539733740321,0.0367585513821315,"D","no","2.5","20",-1.81291098848283,-2.11474472198029,-3.12793764935805
-0.9531785722302,-5.96248699187973,4.2682978603666,-2.21696539877066,-7.9160839979294,4.78334567271971,-1.01511768268877,-6.73703187871237,2.52865160971023,-2.30212964923173,-8.29268950305769,3.02703213732592,-2.82072483948373,-10.5380683939792,6.65786964341445,0.00444503780715455,-0.0128087116382872,0.0189687900421403,0.0351525551883778,-0.158477521249122,0.222007201440962,0.00621796328878003,-0.0280320041035974,0.0395586130299619,"D","no","2.5","30",-4.05841903264263,-9.20280943601938,-11.2741452022547
-0.24086120482362,-3.21962925039229,2.01294647880146,0.196174682457569,-4.46571221423773,4.28271321674378,-0.947481648070903,-3.11382527781925,0.879903751248465,-0.295650846244925,-3.19675885154017,2.42603618076982,0.210462343255543,-6.03714157137621,5.65676373929837,-0.000213900413841291,-0.00985768693046008,0.0114724237055567,0.00819220461702327,-0.0780016959527451,0.116606292324675,0.00117782264266563,-0.0158574462719319,0.0200725998637402,"D","no","2","10",-4.72825839661709,-1.45190899899512,1.09828510626215
-0.412281233438101,-3.91754757810693,3.03552865251234,-0.530821006451411,-4.80416745523567,4.31057219486132,-1.07144963422952,-4.34212306743574,1.31105673198329,-1.07366349559554,-5.04978107135271,2.71809745024266,-0.700242486796544,-6.51030828702139,5.79200275255084,0.00118876147738011,-0.0103790715312895,0.011707040920699,0.0144201802443173,-0.116032911025624,0.148756817065309,0.00226917677613065,-0.0217836665504534,0.0280637986883282,"D","no","2","20",-5.35092656130837,-5.36219929019717,-3.48963740310865
-0.982030051966414,-4.81227384770687,3.17491469219334,-2.13088921552957,-6.71667885553128,3.57079688786512,-1.40319889487395,-5.7725814417894,1.95388835511996,-2.5680548548886,-7.34746623683033,1.6684082087349,-2.71599463231611,-8.9686184587637,4.96543563340327,0.00429167935660481,-0.00944383387264059,0.0157729496297509,0.0358064115124993,-0.122077825304494,0.184440400746831,0.00619117410364199,-0.0238858369363522,0.0352252224442285,"D","no","2","30",-7.01715106672964,-12.8364849709415,-13.573892406539
-0.289437298661041,-8.22382604736069,4.41204353962718,0.244139012687873,-10.5374610040063,8.46099672010493,0.366282228835002,-4.05417776523125,4.38914576652355,0.992515569161054,-6.62887394176142,8.55327460219173,0.27952514390427,-14.2514859719121,11.310804651905,-0.000373620726737076,-0.0206542452110115,0.0260499797341957,0.0093910068988832,-0.149845505501606,0.275594986503451,0.00118874449841792,-0.0220157931850372,0.0391905887249101,"D","no","3","10",1.08825636919414,2.9921333909183,0.855770107633816
-0.479719577707286,-7.38317895929114,5.23332938490101,-0.676698068538229,-8.09070351974342,8.47274279357294,0.258995270903633,-5.0983117005802,4.90181866616761,0.0801548774483943,-4.93931003771153,8.02311695846432,-0.872846086980005,-11.0232680821085,11.4492938326797,0.00138981954898319,-0.0212935210713583,0.0203943578500411,0.0172732112680628,-0.18223970808138,0.256326513343131,0.00289306401059801,-0.0288932132282669,0.0398772919351617,"D","no","3","20",0.789413489069943,0.250627978617075,-2.60162075361086
-1.0938915593822,-7.77349908483641,4.78085801642511,-2.50306552173813,-8.9073826957086,6.95296384477013,-0.233721472861352,-7.5641813339163,5.02456665870647,-1.69272803626872,-8.48953791843437,6.80852493542379,-3.18616759858581,-11.7713354690326,9.58437906276543,0.00502126107291149,-0.0184525894559525,0.0205993242500198,0.040501346221754,-0.167232781284112,0.274490710920465,0.00721333267272869,-0.027039176081925,0.0438945031542532,"D","no","3","30",-0.690414795921269,-5.06603820794817,-9.53501053095079
0.0810978783910462,-0.484654396127941,0.670867370842572,0.0555929035464279,-0.548921953038882,0.681592883248141,-0.204100885220506,-0.829073490335615,0.22698736545743,0.0935578387488466,-0.407638391559381,0.770607368822737,0.0642151636495222,-0.677556780675967,0.842208084102183,-5.67240049419413e-05,-0.0012882459834895,0.00108437192134455,-0.00273443351150416,-0.014728101476577,0.00859528338029781,-0.000393235679755709,-0.00219757067809835,0.00141275335922655,"E","40","0.5","10",-4.07674740390758,1.86704237596405,1.27612979979767
0.425811841736814,-0.561021637433563,1.28509327200113,-0.112599428027186,-1.3394866552976,1.07599517585351,-0.0388518507667527,-1.19041306726467,1.02611377610817,-0.159456948870925,-0.895224381488919,1.0933630153269,-0.109243899891714,-1.6217111464213,1.36122302445938,0.000100177187799474,-0.00222086913348556,0.00244686436187185,-0.0135108037847856,-0.0319251707539427,0.00831122464157521,-0.00161113617785094,-0.00395884372139236,0.000500200067424835,"E","40","0.5","20",-0.762754213833432,-3.20278377521572,-2.20249701660487
0.931009077592229,-0.456494665038084,2.13459007847164,-0.19662756039623,-2.33633702999357,1.67970677389051,0.0155328458217773,-1.64283589877169,1.94672492878276,-0.507180728388916,-1.81531404725501,1.31232148600917,-0.176433841717485,-2.79906010991145,2.13670394635534,0.0001220840782935,-0.00351515883955007,0.00412441305589317,-0.0298408837316206,-0.058326514585078,0.00408012932056761,-0.00367623981785169,-0.00653186165354953,-0.00145956930176863,"E","40","0.5","30",0.284744702107446,-10.1458282989515,-3.49437795560789
-0.0746939519400757,-2.29406996079929,1.71184765922631,-0.158537464367792,-2.78557933492033,2.63154069704411,0.119172240141422,-3.20410298066011,3.16798657990486,0.0935237681767349,-2.72706324675045,3.21741809845851,-0.203600111985957,-3.41546738380017,3.26476420585165,0.000328265408839581,-0.00501659899898544,0.00516364680351474,0.00277491858791035,-0.0382046724093186,0.0569777782228473,0.000496378156514589,-0.00646334377995343,0.00616913153745595,"E","40","1.5","10",0.837795117586666,0.651183410943986,-1.42580635856666
0.340893960036403,-1.92833758033831,2.11575281350304,-0.306329961735589,-2.92068319151978,2.49080381697188,0.381409463217655,-3.07006666036051,3.42059009582095,-0.0812441115881611,-3.12533042076335,3.09759847241556,-0.347982895961856,-3.581386053397,3.06118571197252,0.000438153159087846,-0.00475184911158357,0.00546941720052776,-0.010448852144252,-0.047827255143913,0.0446803831175453,-0.00109177647929084,-0.00756166981576436,0.00320371779529884,"E","40","1.5","20",2.68066321870174,-0.579032042701442,-2.44531704163592
0.876664333415823,-1.53278834950552,2.81071651619919,-0.432072456960594,-3.49626937088125,2.86027552665291,0.96486211079749,-2.90092208047299,4.17002837726314,-0.743486717324943,-3.77664327365924,3.20547103129825,-0.47425451147988,-4.26392255175343,3.56436001060916,0.000596740788905462,-0.00566212899157382,0.00654383148340917,-0.0279563008301032,-0.0737450580883487,0.0333585546463723,-0.00337525668678954,-0.00852578078492909,-0.000404454914722423,"E","40","1.5","30",6.73462276905593,-5.1872204555093,-3.29502738426891
-0.0269735233306324,-1.4218971148937,1.30216697942967,0.0274801547753425,-1.54194779825751,1.5094337445842,-0.183858151787223,-1.93072604443279,1.5108738287748,0.165058499552913,-1.1888426158869,1.89816361573623,0.0252042250582717,-1.88875365794306,1.82942706862782,1.35171977443009e-06,-0.00273583345950782,0.00286230986498073,0.00078955506690279,-0.0262748122621014,0.0311882440970858,6.70051767329778e-05,-0.00385270127737656,0.00373538928257042,"E","40","1","10",-1.8289015074115,1.64285023606089,0.241548525376402
0.375395260414012,-1.57396151601763,1.78510295953355,-0.21308168248408,-2.15917594046469,1.9300541031338,0.0341857155440276,-2.13045710332493,2.136245083739,-0.225409954225046,-1.80660275594681,1.80547504313453,-0.228221037815174,-2.62143905586987,2.39489201730078,0.000241581426794237,-0.00380058941845451,0.00390592941372844,-0.011662093725041,-0.0399181948085162,0.0341209301487897,-0.00128783466641856,-0.00522681825796838,0.00196846071351721,"E","40","1","20",0.342886706732997,-2.2593404039485,-2.28491274058206
0.876774165768585,-1.22293065236195,2.37146018387274,-0.274572575466954,-2.79961399488035,2.65619423560068,0.389496609608977,-2.9282732637698,3.32029520606394,-0.887906374382437,-3.00587693162201,1.85946290434752,-0.280543220206102,-3.39385186996735,3.33080318650798,0.000310895916729288,-0.00533832896365211,0.00513022983547961,-0.028273504615754,-0.0610255804468515,0.0221937749223921,-0.00354270484821417,-0.00759221537786281,-0.000499764305463597,"E","40","1","30",3.88056457525545,-8.87017287064918,-2.79108850116791
-0.201434745716032,-4.31091594291368,2.39084685443171,-0.150494860973233,-4.66706945159442,5.2135281957878,0.289287625650561,-4.87261979707653,4.98227031693092,0.123927672072441,-3.19193468203456,3.86128854137779,-0.203200467968119,-5.81854250209507,6.38229389525245,0.000340549407972817,-0.0100563682063509,0.00927206094932397,0.00756431392456194,-0.0675027401536772,0.120979360276248,0.00136262116025947,-0.00956479208760701,0.00838419814083713,"E","40","2.5","10",1.15111331450009,0.49981608029978,-0.802690136048909
0.450282541743879,-3.18795964424685,3.1047661002942,-0.476697973926926,-8.235846781842,4.33826699370776,0.580317491971818,-4.56217820911422,8.49983696298287,-0.4064671364159,-4.80711730244386,3.58571105477693,-0.54986685300571,-10.6386192045273,5.35007231871553,0.000716668783742964,-0.00847361695441449,0.0188781127949801,-0.0134059980908296,-0.0797658555356316,0.0865075680850749,-0.00123930044356438,-0.00940945248812278,0.00452774589598476,"E","40","2.5","20",2.32055002846528,-1.62282513679042,-2.20101073283308
0.926218653025262,-3.40191915166739,3.98036801422828,-0.410646157067304,-9.13850871570564,5.39370198853609,0.413557551783778,-5.76165261421675,9.39294791110259,-0.596471335017802,-4.87257322420342,4.15687466914009,-0.439039861209011,-11.379321645421,6.69813840471221,0.000515400607946114,-0.0107958585898772,0.0181328508388848,-0.0300244124217649,-0.100849664678126,0.0911467286499148,-0.00381310602964851,-0.0136406016074107,0.00467495831777996,"E","40","2.5","30",1.63240586411803,-2.37213442486654,-1.73333715033118
-0.17580514393194,-3.19967966534412,2.23252254108029,-0.184254677305474,-4.31751128033262,3.64866759853043,1.0334949587594,-2.00513600966139,4.83082036440183,-0.895720170757934,-3.63203014529065,1.86017205933455,-0.240925381618192,-5.33916634286617,4.42423553765,0.000391849882647471,-0.00668930666803054,0.00831911600229914,0.00605910294602773,-0.0503972502501,0.0850930381076641,0.000920374313986158,-0.00585732769303125,0.00533266705833907,"E","40","2","10",5.18105618518894,-4.48602901136655,-1.22535503495374
0.338084906866139,-2.70978628990151,2.53997044794617,-0.360003979316867,-4.72443938969104,3.58671536793992,0.978723650306763,-2.47394318871717,4.80206905293094,-1.24623595665714,-3.9504543990103,1.26976022365101,-0.413341273707829,-5.73907870512866,4.40667134108243,0.000532476115577721,-0.00687888368094905,0.00859126206634045,-0.010389567386832,-0.0628820191023877,0.0695240668398536,-0.00109270165922778,-0.00813329647387873,0.00257693398321547,"E","40","2","20",4.89351554954737,-6.23401407398615,-2.0660797511855
0.889902972788125,-2.32068593215149,3.09106996267315,-0.473348318316811,-4.54697567953987,3.8836287922465,0.905364552740073,-3.36731187932616,5.374343951147,-1.57424061206713,-4.63112595998555,1.52113781727252,-0.522498819696865,-5.54737077876374,4.79859994695222,0.000656464292213045,-0.00755288014744431,0.00845084946101365,-0.0281962164288878,-0.0812911870609325,0.0574436768792702,-0.00333254859611824,-0.0142484662399651,0.00148635992440639,"E","40","2","30",4.54346842362065,-7.87756421854556,-2.63387552559743
-0.183170616290298,-5.65630436446592,3.54600188135721,-0.273328085917414,-12.6679635795171,6.80439172654248,-0.149908264934207,-8.11784769152573,12.7311682654547,0.904885909251907,-3.25181278506492,7.49917520496212,-0.34558469430343,-15.9285442609545,8.37497141496715,0.000511071384266329,-0.0134770383380735,0.0261471271261903,0.00715049042829273,-0.0997579906667738,0.171486748940604,0.00138446988804549,-0.0097259478772367,0.0171652918347594,"E","40","3","10",-0.436712122796621,2.69961340996133,-1.04842604589109
0.387200792211561,-5.04611610956198,4.10516154633021,-0.360037814635924,-7.34182417501827,7.16381562192164,0.382760446976788,-8.01713726117447,7.30005025358631,-0.166531363877914,-5.42648919111279,6.94917862290876,-0.400069102773232,-9.16135384328265,8.84125807955699,0.000450904433122413,-0.014277958211556,0.014869412042964,-0.0116422922118589,-0.122934535675981,0.153040538665935,-0.00112520455488924,-0.0130623052138298,0.0152621756616826,"E","40","3","20",1.1807546389025,-0.526330098008543,-1.23792116733551
1.161751782773,-4.49635332386044,5.78555439472292,-0.704595590868702,-7.70822972380477,7.13229013845418,0.778481571043216,-8.02057369311545,7.55802931739476,-0.891010616008642,-6.1497541887889,6.36448051614476,-0.776064564722203,-9.51763395449392,9.03778554418344,0.00093500070227243,-0.015095278732468,0.015114369006206,-0.0369169267011262,-0.17937198633511,0.133233543332268,-0.00439804803338551,-0.0199035994751384,0.0119955283120413,"E","40","3","30",2.33974492822131,-2.66880134448866,-2.336122061791
0.106797743728016,-0.0561950035076639,0.230168435669699,-0.0264264351120152,-0.598284960877144,0.53615668439533,0.190855945597732,-0.0322922420446776,0.474899094624032,-0.0250428160628986,-0.549021388765488,0.534171743692244,-0.0249033716726365,-0.772249142333971,0.718816830025106,2.33230015877819e-05,-0.00125425825459537,0.00127767224788443,-0.00364088982913588,-0.0132612554401805,0.00424660041843496,-0.000530715486502716,-0.00484909411513267,0.00340984437739635,"E","60","0.5","10",3.81097482319819,-0.486252614809445,-0.478717834768531
0.310620836307371,-0.0365678722490679,0.63975795512064,-0.173054690129607,-1.25222553423311,0.959807345980255,0.50483676852774,0.151328218754784,0.905577518283176,-0.182412483075175,-1.10513050289724,0.962042509278481,-0.199025497900774,-1.62641877257134,1.29537590024916,0.00029843500283888,-0.00228098623724547,0.00274309777238223,-0.0105194464870864,-0.0282161393398056,0.00861311120846902,-0.00150316590820963,-0.00854059519869491,0.00558983247969284,"E","60","0.5","20",10.0887678182262,-3.5825032423727,-3.89367549216149
0.39879398398117,-0.555532670576986,1.08324708160596,-1.03022945414474,-2.83492274169696,0.81740387613826,0.820733745772057,0.0703078284122829,1.32758071018288,-0.954006298035566,-2.43793872279363,0.886967627238305,-1.22880301060884,-3.61576267581536,1.19731180731357,0.00169784552401487,-0.00241251413657165,0.00576365893580432,-0.0105928618308318,-0.0432024203195113,0.0321881862475569,-0.00041764818143407,-0.0108384504040837,0.0103662733682684,"E","60","0.5","30",16.422211331861,-19.0442417334416,-24.533551725297
-0.138967375782154,-0.86332346611253,0.660509544806803,0.114400819714705,-2.48434940604093,3.02648270548054,0.162938815165556,-0.422553750032253,1.27043017829298,0.200514983579561,-2.37248570599718,2.96027767590794,0.12966971130945,-3.29815173120288,3.94843150794605,-0.000170747251223684,-0.00669350486542992,0.00573434534737248,0.00478629903085502,-0.0433240564664939,0.0498646669996157,0.00070995798043382,-0.0181587404162284,0.0178090758452103,"E","60","1.5","10",1.15003955141424,1.4242781624223,0.935983914692088
0.101482337502532,-0.982491372038313,1.36528355528154,-0.106329242902994,-2.85951953922051,3.30695280198118,0.269681752119178,-1.02103876987069,1.60676839274572,-0.00153789589722065,-2.85890594424028,3.30617181601928,-0.135225675098048,-3.7949764361471,4.27296813909665,0.000248792313026812,-0.00673533526228143,0.00668180250161036,-0.00349351256131688,-0.0765494972715297,0.0634948219668559,-0.000517215623429344,-0.0220494639521065,0.0200973703545892,"E","60","1.5","20",1.89421528734692,0.0100127504916259,-0.918650133983419
0.191156449811928,-1.06239875482105,1.37039591478302,-1.02040625835243,-3.80113164201729,2.3748070591925,0.407179171990055,-1.16590476174717,2.12955961681133,-0.835664466857049,-3.71858005809882,2.64598405199518,-1.23580512761526,-4.93702626904277,3.22326836269745,0.00176174738831584,-0.00582990751605879,0.00819370836952043,-0.0038554691568669,-0.061050766787189,0.0604851996389055,0.000445175682841866,-0.0175230244822824,0.0191705723581654,"E","60","1.5","30",2.84182057883345,-5.86881976942732,-8.67436335124694
0.0350561715702875,-0.310876688244939,0.374079522339704,0.0634497352749432,-1.47412114223605,1.67206294278156,0.114236202747528,-0.474334853218274,0.929050995672282,0.063889206389677,-1.19468569165049,1.56012052434899,0.0809644667058359,-1.93068177506249,2.1914695384819,-0.000126099300217602,-0.00368219547726751,0.00329020653357509,-0.00133824611653069,-0.0259976278384303,0.0218295785660291,-0.00025040429961623,-0.0108161659671204,0.0106822318341652,"E","60","1","10",1.14035892758579,0.645534466999379,0.818154369681451
0.213148969020959,-0.34080298716445,0.752996983905629,-0.158286415731257,-2.04452212595876,2.05927374925353,0.309445014760545,-0.45879180872468,1.22125332436499,-0.227686466203868,-1.7658442592493,1.84233953454079,-0.191015508294897,-2.68827490887623,2.71993064435053,0.000313769847798131,-0.00466000887926077,0.00460263882509928,-0.0070625315981858,-0.0360212205034401,0.0256872826690161,-0.000951298790524927,-0.0131879006933058,0.0118020530137199,"E","60","1","20",3.09496041265538,-2.29350170552107,-1.9311493903856
0.300219277134679,-0.734941469514917,1.10965087532087,-0.980083409040798,-3.16810438590255,1.7173768186751,0.505175130076823,-0.610331890985311,1.58390066630715,-1.06985635125945,-2.99066938850746,1.44510816345259,-1.17774577716336,-4.09277624745616,2.35535959790723,0.00165732664247023,-0.00433340484964208,0.00670762695107284,-0.00759732161017443,-0.0495571299443504,0.0428613156126564,-0.000112766766684259,-0.0152197536545993,0.014954509937088,"E","60","1","30",5.04832574584907,-10.7450831255665,-11.8524626935396
-0.259513645276783,-4.47858418953155,1.61013714611447,0.257951807192985,-7.00787208564677,6.3936864563231,-0.43125332506581,-3.78359825509675,1.39590094048709,0.336656949652506,-4.53823408191695,4.75202558143854,0.306617234773924,-9.2650970808354,8.32023773275123,-0.000460311730277627,-0.0141800419332798,0.0157818229454174,0.00850753153331638,-0.0702863230722228,0.178240760983934,0.00110791528783646,-0.0197952464825609,0.0355473096682994,"E","60","2.5","10",-1.70980499510347,1.35125929679793,1.24157505914445
0.0334734821875088,-2.64026804123133,2.02798395691537,-0.255311463331098,-6.26584281933631,5.95087650414481,0.0857062217750867,-2.60706098857161,1.78540294330193,-0.220495855864039,-4.80826542541767,3.94146314187971,-0.319590905596113,-8.54889026646724,7.81576116689157,0.00050799643620787,-0.0135132654536432,0.0161590776262668,-0.000650067682091349,-0.0849066721991866,0.11369169546887,9.45023563853997e-05,-0.0214524310806726,0.0261207656559716,"E","60","2.5","20",0.351353377800592,-0.870596929237877,-1.25897386219469
0.199364533694715,-2.71080991418241,2.69472370689753,-1.15477930434681,-6.07601451095876,4.94388858402161,0.319459820010979,-1.84601200641629,2.90709215958531,-1.26847981066206,-5.49395777183214,2.75915579851996,-1.39596813651492,-7.98964185460386,6.62490396745759,0.00197361513670603,-0.011897974258918,0.0137477765533385,-0.00383853856731793,-0.0984371074078429,0.121246063903111,0.000561729710273854,-0.0230445026945405,0.0283935475960042,"E","60","2.5","30",1.27529925547765,-5.06782965536195,-5.57225480271973
-0.2572366473166,-3.47063627664375,1.23187089846179,0.147500807320136,-3.82930701609557,5.07284121043605,-0.909751355860036,-3.22400730851018,0.957831821372328,-0.226186124990171,-3.06293350624192,2.93105816582944,0.166230595623768,-5.57549052540715,6.58580714979747,-0.000232231303174635,-0.0111194937581616,0.0122236627066907,0.00886214832148722,-0.0525119491803409,0.0963205704735959,0.00131977181848195,-0.0170388260607897,0.0217317054388781,"E","60","2","10",-4.55406732727261,-1.11290008038668,0.874131760628003
0.0451572638843466,-1.55602558281875,1.50002956017665,-0.112520128569673,-3.58989432902491,4.01685944657797,-0.532192304714467,-2.53505155718363,0.962846521611933,-0.562555337184087,-3.32872735640772,2.19804474965016,-0.147168932127799,-4.75565125800322,5.24801881619613,0.000270808468676629,-0.00889212510080622,0.00836535145382382,-0.00119966711973193,-0.0551570264436333,0.0714013401407849,-4.87084670582274e-05,-0.018032109197069,0.020999509898338,"E","60","2","20",-2.65706730649663,-2.81610644561624,-0.738636976540874
0.161115232938884,-1.64749316146784,1.81343301857576,-0.985740067825281,-4.64248972124214,3.41221258623725,-0.09533050941537,-1.2157039829581,1.54231270781267,-1.37884908279809,-4.37878255097725,1.63334123910327,-1.19504314075307,-5.96745458445583,4.54854752702827,0.00170839052700834,-0.00799601872005103,0.00999265053990242,-0.00322152645592177,-0.0770235268971891,0.0820284778363949,0.000397088438483164,-0.0195685358261274,0.0224554279532771,"E","60","2","30",-0.472571522923772,-6.89597144063828,-5.97796575393477
-0.345494459092041,-5.43071634352398,2.19155484290398,0.109545699330581,-9.46919552507141,7.88894733355656,0.181368411368053,-2.75819754435193,2.27872524414775,0.727727757460509,-6.05422255802799,7.1788304717944,0.12165179974759,-12.4806075729247,10.3362471185038,-0.000203928704009718,-0.0181314207149774,0.0214829660650354,0.0124429529032123,-0.0877321071523906,0.198962089162999,0.00204957409710902,-0.0186965469530915,0.0345471017224078,"E","60","3","10",0.551438972285638,2.18031711441699,0.361381539781121
-0.0138246216170334,-3.01012284230815,3.30295324998099,-0.387301498885906,-6.67219338881188,7.6055050199824,0.266103668960205,-3.27991711053043,3.50677401454424,-0.176702073997179,-5.76331198084802,6.22928811691063,-0.484679516822219,-8.7990554195087,10.0159568934177,0.000748706982294849,-0.0175932357435361,0.0154077802236992,0.00169095298011556,-0.100301789797551,0.123162275557466,0.00070384521970816,-0.0211756128171708,0.0257139962192103,"E","60","3","20",0.802084346363756,-0.526212897625328,-1.45236599128737
0.188898604082106,-4.21407731925748,3.36147028215072,-1.31645850908981,-9.64931695621705,7.78603101465361,1.14873187097755,-0.695914997923521,2.93773455721131,-0.800003866569895,-7.40332069516329,7.32135456780349,-1.59086758023219,-13.0809372329233,10.3918895227986,0.00224263859260589,-0.0188782194568827,0.0244596722779562,-0.00346389815024737,-0.129608862302359,0.166662087768457,0.000633150665169682,-0.0246607393594126,0.0333357678260131,"E","60","3","30",3.44601691329967,-2.39025382267573,-4.75302267125426
0.0545542162350592,-0.500797305411608,0.618589237780152,0.0671144070599862,-0.511732424908894,0.668427323152284,-0.23456640674218,-0.824231219858602,0.163942515418018,0.125556819510633,-0.298055901608461,0.766685415819366,0.0930307290186454,-0.615347807894557,0.840056985827805,-0.000175253839752565,-0.00136223515814194,0.00093110569079257,-0.00221615687855277,-0.0135468946593152,0.00907938135645712,-0.000454244579221943,-0.00212358087772928,0.00129896622997607,"E","no","0.5","10",-4.68665870984842,2.50687487804862,1.85188582008595
0.300402118435059,-0.605624923885935,1.09615072595072,0.0865543150321125,-0.992913251392356,1.12527996376086,-0.256647710997772,-1.24661942553406,0.725126619703462,-0.0453009763231139,-0.727821565436626,1.12327510719372,0.108287933371884,-1.2259280381588,1.39816665681723,-9.35726128029963e-05,-0.00216152684181809,0.00199880871922076,-0.0109048849041272,-0.0276902970577676,0.00959809005707037,-0.00183713153288436,-0.00389271780939377,-2.3088285759824e-05,"E","no","0.5","20",-5.11615642530523,-0.918547696345513,2.14546742401217
0.77253705688359,-0.515982610538721,1.81542749814468,0.0482133950234875,-1.75736024360506,1.68753906492424,-0.222083521374172,-1.67888974008666,1.39274411927416,-0.370367677100105,-1.46904311574003,1.36589941734731,0.10299261214952,-2.11227088080362,2.12802623393937,-0.000194220936483814,-0.00341281466802073,0.00319174814682936,-0.0266192890472425,-0.0511223245718582,0.0054641493283114,-0.00399614194374358,-0.00663994443271394,-0.00194342494179622,"E","no","0.5","30",-4.45025301197893,-7.41271390888141,2.08294781478617
-0.118667995395288,-2.2281202519006,1.55298996532745,-0.0626802288395014,-2.68888133544075,2.09440916922897,-0.0147116446672273,-3.0424322766805,2.99907199681209,0.187447408858441,-2.28686066734252,3.04719928047499,-0.0857389476038759,-3.32288573684495,2.55813366629101,0.000149925268529623,-0.00439568935383412,0.00522877018612761,0.00365589354597004,-0.0388969409931826,0.0577558112122391,0.000399867752786968,-0.00365275022376354,0.00353691743716603,"E","no","1.5","10",-0.142999804125395,1.34992531003854,-0.561443327606412
0.239451856120306,-1.77047072793365,1.80527288231824,-0.0742513444256425,-2.49521234086732,2.36235449987482,0.235392490432259,-2.79719245717958,3.04931261467063,-0.0972662559756853,-2.92828148905267,2.89754741143925,-0.0836921826133344,-3.11432870033332,2.90133024335026,0.000147434413274868,-0.00447929966160905,0.00517573662581473,-0.00860438182211243,-0.0437231382485606,0.0417346166139951,-0.00141097838423877,-0.00558219635076538,0.000901283395695314,"E","no","1.5","20",1.64826898843239,-0.681406386103276,-0.583428496226588
0.769545177790202,-1.40860641566552,2.36797268231487,-0.176917497858321,-2.81784184855987,2.69859968170053,0.65977524267274,-2.77276576896727,3.48455445162466,-0.543134451514068,-3.38782328044504,3.00046401581871,-0.170904423953315,-3.41756263419042,3.36085855345912,0.000195359678746282,-0.00534689434780823,0.0053076645981823,-0.0261710214452209,-0.0631599658288272,0.0308816499229266,-0.00379345678627333,-0.00805882962310499,-0.000894313102557769,"E","no","1.5","30",4.60448023054232,-3.78690795042348,-1.17488119086784
-0.0367265319526685,-1.39121901485375,1.18202039294154,0.0189676531530484,-1.4203551454841,1.40798379953988,-0.316385073971354,-1.72027472538128,1.11738914772459,0.320816058161682,-0.695600112427421,1.71521964109014,0.0173965712453166,-1.75173937464888,1.71244464512849,3.24000126591086e-07,-0.00262923101918294,0.00272130583793133,0.000887831896828835,-0.0244823773731154,0.0328915382250886,-1.06475954287655e-06,-0.00331171619120469,0.00290666771684219,"E","no","1","10",-3.15813021214581,3.20388382680085,0.168382860987549
0.232330287779002,-1.28854118983685,1.47446095720155,0.0528087190496484,-1.64899920298648,1.82434574261888,-0.21217738712084,-1.94155878751262,1.67071244376201,-0.0864706044776908,-1.42157600563661,1.572055655363,0.0693933546568013,-2.02401783477531,2.23095732255515,-6.31324371919954e-05,-0.00343493040872104,0.00318843153707187,-0.0086724317152293,-0.0347788791173787,0.0299187602026026,-0.00153941040132107,-0.00477884901341092,0.000804272875070236,"E","no","1","20",-2.10672227549094,-0.875188197428997,0.671772754746826
0.735120744817711,-1.03680776995524,2.05194539552223,-0.0298482737928749,-2.24656603774561,2.07520301104493,-0.00104472175479057,-2.24158117520508,2.63698223017733,-0.733173857802474,-2.51227883765294,1.21970138728463,0.0109117576382191,-2.70056941646389,2.59045614533549,-8.50815495390936e-05,-0.00411594874796448,0.00405856963611665,-0.0253333855359529,-0.0557551642003638,0.0204251329218904,-0.00379913936372239,-0.00721590277214203,-0.00180509212077783,"E","no","1","30",-0.0160664512695234,-7.32846109098682,0.107601722157227
-0.226543064212825,-4.24770466815495,2.5040851793291,-0.0576283087180675,-4.04691277666186,4.71670348311019,0.445382654657884,-3.50655576633548,4.37268825331471,-0.186408358247043,-3.11115842614747,2.61415837337775,-0.113259447144922,-5.0822713994803,5.72780563433622,0.000338180429379709,-0.008915383993058,0.00835343183010836,0.00727470214518692,-0.0785910235846138,0.120581737691609,0.000905666413215569,-0.0101153767998597,0.00923284524971646,"E","no","2.5","10",1.78068505467058,-0.742871735926428,-0.450793585184442
0.235931534202557,-3.43291683963017,3.84869832716109,-0.00894293261625303,-4.354979727593,4.27081997344013,-0.0545269866184777,-4.5926701051995,4.52162430077348,0.0226930286438101,-4.30290865966578,3.79779416633816,-0.011624410311002,-5.44112381898312,5.20959048470879,9.10865997101287e-05,-0.00809561335801805,0.00885699046554468,-0.00928917578142374,-0.104933696565619,0.0955908830599598,-0.00180175636290975,-0.00975583694005727,0.00612729033841527,"E","no","2.5","20",-0.22094875027642,0.0930682149571567,-0.044722581485459
0.859131764450041,-3.18594003345864,3.26455216147279,-0.191869217402702,-4.82908246618246,5.21410685426942,0.566930251993929,-4.80842302430409,5.62210498131026,-1.20923791385901,-4.66884476191492,2.47707454264753,-0.176533400131563,-5.98375683328963,6.46913676266184,0.000161578580809012,-0.0103930040644627,0.00963058200841703,-0.0293713891218939,-0.096125668996318,0.0865616881397167,-0.00431190858675207,-0.0131874748744766,0.00501228844867159,"E","no","2.5","30",2.26436919062007,-4.83103639575165,-0.703181124045955
-0.231904184839579,-3.24360664922819,2.09593924448861,-0.0374144139412354,-3.84409683624568,3.09418976821815,0.40788970257712,-2.53410567491244,4.19919390151463,-0.221650634923415,-3.06410282183266,2.25746891343249,-0.070633683372297,-4.78005506782558,3.70399572727128,0.000187350212773459,-0.00554540276529389,0.00764408418476275,0.00712357383515682,-0.054972866208255,0.0892540021929369,0.00076512335626848,-0.00640182009991535,0.00562048276619444,"E","no","2","10",2.02469536250874,-1.09939269072447,-0.33564628421891
0.179900787376818,-2.57360543118153,2.2120103614308,-0.054713433708034,-3.54218508451929,3.44713336582321,0.391741358694176,-2.8174024710532,4.13403556682757,-0.707354813283922,-3.38489912455155,1.92054108847919,-0.071102414903777,-4.40560512004733,4.19777006447406,0.000176745535996825,-0.00639599023137762,0.00717530962357379,-0.00686939936364601,-0.0579922080335845,0.0667764864438648,-0.00126399254895036,-0.00785728036266634,0.00306572329496957,"E","no","2","20",1.98450384530406,-3.55539159075397,-0.386834492974231
0.825632778182446,-1.97650134494546,2.97284967718497,-0.318110897955488,-3.98700826894729,3.58191255879726,0.691900561167169,-3.19617547508162,4.67708999376011,-1.32499179947423,-3.9514889383992,1.3282566726747,-0.33871947103494,-4.88054163462421,4.43240898172477,0.000424508651524109,-0.00702497765671607,0.00770603532382644,-0.0276735222289036,-0.0987227983932528,0.0493460310093365,-0.00385875024852472,-0.0133353001422009,0.00107301610884247,"E","no","2","30",3.47962501472784,-6.63584615162472,-1.71879774488707
-0.247586561061902,-5.82102635063469,3.95542178199521,-0.110239605094552,-7.44763953448847,6.51487496683762,-0.125942979215554,-7.58055596054878,7.32921253893198,0.731872775241606,-4.67498747587529,6.7123970647024,-0.167312829740987,-9.33916044243044,7.8902065032196,0.00035837849133477,-0.0122242796241367,0.015333114004023,0.00813129576992535,-0.11586106069984,0.178012783125685,0.00108456519486541,-0.0100659236067742,0.0184049465632237,"E","no","3","10",-0.371461895041477,2.20313896091511,-0.514414235936201
0.236440708958843,-4.94483370273843,5.00224715996656,-0.0580488977245497,-8.39300447407269,6.73580702494338,-0.211450715796872,-7.7763163611288,8.71509713559568,0.29466490646154,-6.06025433360251,6.77564432719715,-0.0700384304087412,-10.9775121976696,8.24246200453082,0.000158467726062924,-0.0131421626488976,0.0206292877314005,-0.0085273977449481,-0.14927092966974,0.147500352842196,-0.00141032253378958,-0.0138334561448052,0.0144829160799345,"E","no","3","20",-0.649528358261904,0.901725182836401,-0.19088761074768
0.998590030773467,-4.50518169808201,5.52048343086295,-0.223572636090489,-6.37066076252613,6.81074759409449,0.256834561019915,-7.77760716362251,6.64843177044701,-0.579492891102196,-5.59302611889059,6.36329119463866,-0.197464284117223,-7.96807369270979,8.46826430969289,0.000136509241392598,-0.0138179036016555,0.0130271757861944,-0.0343656809360517,-0.170258088252142,0.132817196617446,-0.00512478446670245,-0.0183045605537297,0.0118391186186007,"E","no","3","30",0.764693968943789,-1.71831044006683,-0.592900387319474
0.110832449538626,-0.040774631967677,0.21710044462476,0.0207852257127326,-0.59697184606444,0.570888131328216,0.171419117787304,-0.151942157799887,0.476859727490627,0.0190494218067896,-0.475710610416379,0.542349697211298,0.0260466946093245,-0.788121983572353,0.76096607848002,-1.74384894211221e-05,-0.00135333532749419,0.00144389474227495,-0.00366014011659699,-0.0117246370550136,0.00287470210601211,-0.000494975238873951,-0.00340255851851172,0.00215905950643917,"M","40","0.5","10",3.42674139653172,0.386423174414176,0.528450793500269
0.250638171994955,-0.192289673788676,0.578569051368926,-0.407676848786267,-1.67977192595326,0.959067872105949,0.573771678778237,0.208764203275707,1.07628815552395,-0.348690264719407,-1.2503186523379,0.930895628732603,-0.47705013666715,-2.14840480690633,1.32132357768415,0.000633863300084006,-0.00249465281736366,0.00351939475804683,-0.00744103344570279,-0.0247528331053986,0.0115708286795218,-0.000670189527607141,-0.00628879027426304,0.00411777015639876,"M","40","0.5","20",11.4868987028094,-6.9848439117668,-9.58038095427037
0.486728470620028,-0.441933279232165,1.25735901049214,-0.98748894377656,-3.40210957323124,1.44459110001892,1.08648202526391,0.469273579599686,1.89112278392517,-0.89664854259589,-2.83675297868787,1.30633476656305,-1.16764452075531,-4.33333975723758,2.02854525231344,0.00159174847481193,-0.00397809324306883,0.00702876372118557,-0.0142668712643641,-0.0447093514150165,0.0242123556933551,-0.0011975383319777,-0.00958389455656732,0.00736658041704805,"M","40","0.5","30",21.7220943702268,-17.8966803317089,-23.2873006496084
-0.120465329817038,-0.860729009271202,0.494922386290166,0.118315007435316,-2.64200137907082,3.91584966877635,-0.0912201585003363,-0.783138736284766,0.769066438332109,0.196765347020724,-2.61996161662193,3.80856562359424,0.133800316296658,-3.47136708441268,5.11059977467648,-0.000163603514925629,-0.00893833944009829,0.00607834462608654,0.00372426747506229,-0.0265543948299522,0.0437069907806709,0.000401029029229433,-0.0106845332934847,0.0126267264014983,"M","40","1.5","10",-0.631690746669051,1.3556085899113,0.904683473134128
-0.0178692240829704,-1.038380695803,0.848973620612876,-0.399818954683503,-3.5446126750871,3.21859117450097,0.375496159665176,-0.92885080376135,1.5437433660341,-0.251445676248518,-3.34915001658366,3.26082458486014,-0.482058522472535,-4.60609662860959,4.24214144093701,0.000658608918232457,-0.00742051015521559,0.00773005934862592,0.0013539344899305,-0.0394271203871885,0.0563857562756134,0.00048804468255186,-0.0131965214507764,0.0165038822334781,"M","40","1.5","20",2.63178748408745,-1.75573224023674,-3.3689512200699
0.182990130345779,-1.15198914189867,1.29400424981866,-1.0617508620834,-4.9073812193831,3.43940261991508,0.54645727346606,-0.702770195610431,1.93299940148619,-0.875902885801053,-4.60014024603718,3.50909015059108,-1.28906727666925,-6.34951292371521,4.57876477723441,0.00186575052204525,-0.00814133131773967,0.0106214818317617,-0.00465030335531422,-0.0647518838669459,0.0567535415044978,-5.00282330036719e-05,-0.0169250788015072,0.0161762337722848,"M","40","1.5","30",3.84021217185273,-6.05220435583851,-8.91764246827915
0.0527246690776056,-0.344505699503273,0.595306270030637,0.0429956351101312,-1.35662396444386,1.56217247961469,0.11149653661821,-0.575860711840098,0.903658576204624,0.0564802607839665,-0.978642283933152,1.43213936389326,0.0487942282700879,-1.80286289499706,2.05016440511518,-4.10935621745018e-05,-0.00353301553470841,0.00321695071163043,-0.00172499176157797,-0.0282251003953737,0.0160056989808502,-0.000229732161933203,-0.00707372503935101,0.00568412561517124,"M","40","1","10",1.12188039215152,0.544981374590407,0.453378462954333
0.151376876469027,-0.474079166236561,0.64765621268389,-0.380737169167238,-2.56563717275014,1.92069694960582,0.388906778224581,-0.551909526596364,1.51037281552445,-0.365807496031738,-2.01061183704133,1.62837308952975,-0.450496368520051,-3.33394941265623,2.57345541707051,0.000607902794720272,-0.00464413376446087,0.00564254372624025,-0.00430878226971452,-0.0324575929518023,0.0252043374840264,-0.000303299223494894,-0.0100739866726444,0.00932070611092524,"M","40","1","20",3.89362854073079,-3.68203940209969,-4.54033255190825
0.359650359138055,-0.694712579709462,1.17048559697817,-0.954290453076422,-3.90273589496194,2.62623680325591,0.599861588223883,-0.368857772160592,2.04185437007864,-1.09721796222688,-3.45139479995567,2.02487935901024,-1.14160931243633,-5.05035676778966,3.55322210881593,0.00160393316219588,-0.00649945777385828,0.00847819395518586,-0.0103474120191912,-0.0525582179522603,0.0378049506364351,-0.000773690897347618,-0.0137306515431281,0.0119543228759642,"M","40","1","30",5.99743754406154,-10.9629891126897,-11.4062128452315
-0.332215908618506,-4.2719039040636,1.66053705111648,0.213109584929867,-7.86685752817525,7.88623249932849,-0.124586816538662,-4.17044021097073,2.15959446444899,0.627367514015547,-4.34529317322378,5.52793220561617,0.236225540101214,-10.2805034073174,10.2825981856664,-0.000296857056253449,-0.0177982684587341,0.0172654470598874,0.0111768230282568,-0.0630004606494495,0.161594962074992,0.00156793501790901,-0.0168600514944937,0.0297569120352381,"M","40","2.5","10",-0.500785017003125,2.52396018088302,0.981546681998793
-0.108138465322591,-2.79624127310267,2.09749962926535,-0.448234442209181,-7.39003296955599,7.00480211325747,0.025800247419866,-4.10550256569657,2.10061010424973,-0.367309554157263,-5.59997538491485,4.23191748597907,-0.557388215390034,-9.75432866798013,9.20532730804124,0.000827540244576336,-0.0161835010997526,0.0170680716407939,0.00467017504986809,-0.0757898877095363,0.116101959295752,0.00106000018842011,-0.01898962204768,0.0251294621124291,"M","40","2.5","20",0.075746726156865,-1.42675890612759,-2.14509526773759
0.164957583213793,-4.16693395221847,2.25919324466755,-1.0726244928196,-10.2352259889843,6.77573796621699,0.33199022707505,-3.64852833140006,3.42005409312256,-1.23194084804152,-7.26374493668178,3.73578333010035,-1.3044670511147,-13.4885445277769,8.98924038956268,0.00189352313978892,-0.0160643332917361,0.0234898411748606,-0.003927447228983,-0.0961957143937979,0.165636133750486,9.46873405842385e-05,-0.0219903005229065,0.0331769096774392,"M","40","2.5","30",1.29411088265283,-4.87545377826063,-5.10589491782503
-0.27368990552567,-1.60074600008495,1.75278167201734,0.157438809857543,-4.3422416615613,4.69294513891,-0.991655816113485,-3.53786134652626,1.84483089498648,-0.308961892211131,-3.58572008518217,2.9165097148023,0.173568712377556,-5.75345904558353,6.10712230149915,-0.000220680716796046,-0.0104664844883969,0.0101016487853034,0.0093043015236335,-0.0804614672035554,0.0705843766074443,0.00134132257405078,-0.0193569889053673,0.0180604248734568,"M","40","2","10",-4.97908518816121,-1.51044005156382,0.941193335078694
-0.08702657038388,-1.64476684197483,1.38456190797955,-0.328915374983155,-4.65433981296425,4.71561230487108,-0.574204045751398,-3.30951258526545,1.73209221425219,-0.7650576464727,-4.16360214485996,2.52149961102006,-0.403303402822032,-6.08904931452967,6.13533656166097,0.000572634765420958,-0.0104665475273838,0.0103840724788913,0.00332930722762918,-0.0528371874837216,0.072448146006095,0.000636360242850275,-0.0152548987018134,0.0188552627156136,"M","40","2","20",-2.8889720151833,-3.79737337687084,-1.95613783258204
0.15119494795763,-1.59494472832252,1.74868714021114,-0.885881451975458,-5.56676906573632,4.80136045066372,-0.178564852367215,-3.02441433099379,1.78945269853511,-1.4143493815533,-5.1189364674227,2.07520208941318,-1.06692254028042,-7.23216792437708,6.35124654655709,0.00149979431069076,-0.0111779631875468,0.0121541912777771,-0.00383573825118708,-0.0706797220454774,0.0745645090136773,-3.68113298533102e-05,-0.0185644329585553,0.0193460512693175,"M","40","2","30",-0.888943400509334,-7.07188938412673,-5.33245113904013
-0.425469772450434,-4.23969103305462,2.77225495549654,0.00860920415659794,-12.1930756947824,9.67968405119132,0.238033476431597,-6.44662507888997,4.80827195825015,0.770326627189823,-8.19257861280242,9.1409255726962,-0.0134896483488364,-16.2242288064903,12.5517481535165,3.30434098895207e-05,-0.0217662578675281,0.0293372964461796,0.0153758195343425,-0.103191677684668,0.159871772591709,0.00255750782508113,-0.0187048591602813,0.0294986922043481,"M","40","3","10",0.717619375409239,2.30211042870008,-0.0534448716362732
-0.101175745182555,-3.3057905523366,2.48447897246198,-0.464619631833959,-9.66340829263098,9.52076226375994,1.00278811509559,-2.99999969579863,5.58747645032463,0.388749602249867,-6.11416098399057,8.81541114354998,-0.551190853883775,-12.7730430418233,12.4973100018671,0.000689142703052827,-0.0221835036237007,0.0226533200020321,0.0042047216493682,-0.0815257377268659,0.1251316936205,0.000913964054669599,-0.0180129869488348,0.0259180393131068,"M","40","3","20",2.98047079609159,1.21977408210194,-1.55204493159147
0.131091002972818,-3.22246602700905,2.77800503450428,-1.48801362930675,-14.2598863347706,8.51899584076813,1.46461502273206,-3.72219178760473,6.21832144439873,-0.771200973876267,-12.0313318886509,7.20000657281299,-1.80992029679406,-18.448837923023,11.2457517054131,0.00260060309777507,-0.0201221025994413,0.0316693452292888,-0.00168945212163344,-0.100901328421008,0.125952359773835,0.000833060268739936,-0.0207871171653132,0.0244989250629447,"M","40","3","30",4.39062558982391,-2.3150765532373,-5.42332808629408
0.083348439514262,-0.130026876639865,0.301699706170676,-0.068340707310754,-0.614780783488535,0.434861229662685,0.182144049044244,-0.0228022422557406,0.331921453205702,-0.0335094038089734,-0.490952607324408,0.457373821099329,-0.0806230863702515,-0.816470961701701,0.604046541199493,0.000119310930511695,-0.00114542184047791,0.00146316936918603,-0.00259797598670629,-0.0144345595288208,0.00723986615381678,-0.000289309388354405,-0.00369278464034545,0.0029868611299415,"M","60","0.5","10",3.64701014175625,-0.657428095178602,-1.59453451449917
0.375784100328763,-0.23061407943608,0.910547406565814,-0.0596830438696917,-1.34460313034276,1.23697470592151,0.565857118776282,0.162850392969649,0.905107457284256,-0.0376373341483295,-1.00950451620318,1.23712433997798,-0.0253269388116413,-1.74233039644355,1.72364417079516,-0.000114487128245982,-0.00331879171632361,0.00293011494550523,-0.0131937372758709,-0.037637922456563,0.0129695105317481,-0.00205964020741596,-0.00840653601465742,0.00470764528552755,"M","60","0.5","20",11.3199810916994,-0.736287553289003,-0.485298183762893
0.898338025894839,-0.283430775028247,1.92748244459424,0.0741993082698762,-2.10992150162504,2.4823603322219,1.12965494072346,0.531752681963079,1.7376815731541,-0.000392736118533458,-1.63103200546702,2.32488835795292,0.209223208015174,-2.71144398855135,3.43367707452662,-0.000686360759542324,-0.0065089000850442,0.004502079154072,-0.0320401468908675,-0.0748253074251688,0.0153776503008711,-0.00518738828732353,-0.0147616508537953,0.00521885243460343,"M","60","0.5","30",22.5658817500662,-0.142330780233806,3.96390124713798
-0.137529870210121,-1.37915355597742,0.884479347787737,0.0219846460329502,-2.32999626695361,2.69585738920831,0.153878683849681,-1.02318279583327,1.81103871350499,0.136549453326226,-2.28209065716817,2.8191335584048,0.0201771120947148,-3.12687459410589,3.57457577557763,-2.9131305267634e-05,-0.00629281552857838,0.00553127827827069,0.0048479124037746,-0.0451266296248785,0.0567388923232202,0.000764301096837085,-0.0128645256242878,0.014163497266486,"M","60","1.5","10",1.12713510928438,1.03007457495733,0.238671715222026
0.157463715590056,-1.35883625017223,1.59951158646319,0.0582596996364288,-2.96928157548875,3.39921044713153,0.470847375733607,-1.41582737689271,2.39001616912417,0.208320710625209,-2.75124484039792,3.61654753730801,0.102322365053591,-3.93402189770693,4.50916418759917,-0.000267012163451782,-0.00801383751557376,0.00682147546790402,-0.00578893673886644,-0.0779594966208148,0.0663429395522425,-0.000997926078553273,-0.0198558567501095,0.0178385011068013,"M","60","1.5","20",3.32603799325898,1.51241312152092,0.782750287548993
0.700877826973979,-1.11430650207982,2.16821719349122,0.198846524986807,-3.48073970459169,4.32219046861351,1.24230726123877,-0.913960759594711,3.35626925575289,0.432882278322085,-3.20481577333578,4.7313052962266,0.344448722779843,-4.5597782902534,5.76538601417915,-0.000849787296877621,-0.0101992750320343,0.00777484714844893,-0.0247481739446934,-0.0878455801780871,0.0549654938555807,-0.0039301276147793,-0.0215121193500453,0.0153827547925107,"M","60","1.5","30",8.68930619988714,3.01167508610752,2.38595946249461
0.0542084332755369,-0.521793868964707,0.574123729545292,0.00726673277108329,-1.27804889114464,1.40882347765113,0.165224449511675,-0.39372973455533,0.54767835851743,0.0454394188324397,-0.955301908848724,1.2851397028855,0.0141634848745351,-1.6990793123465,1.87496886927436,-3.74545950595217e-05,-0.00330572673450613,0.00308544857856524,-0.00167626945183731,-0.0286543061849186,0.0244569614721205,-0.000184371526599199,-0.00796982753829565,0.00721189012909907,"M","60","1","10",1.65103851677168,0.453936710362086,0.139992047218811
0.299784003789371,-0.657540459655263,1.10256297724037,0.0107292102907827,-2.07435675304863,2.14331789717207,0.333555572695456,-0.22162657398765,0.914759156519803,-0.0778492580939277,-1.63944218236468,1.79283278583288,0.0564390571891544,-2.72925641707428,2.88359223506383,-0.000229827334870518,-0.00511905196669073,0.00467678584717947,-0.0106042797231486,-0.0528023830835934,0.0336809827488804,-0.00168585549315454,-0.0135881761204974,0.010148571162591,"M","60","1","20",3.33209653761151,-0.820372238725668,0.48762267970983
0.8126279973812,-0.618251628224973,1.91673466022776,0.15121970725878,-2.79932745986746,3.23389522644136,0.716537227380989,-0.0144698415210447,1.45607932855409,-0.179960196103797,-2.35301285899558,2.50669670423012,0.296698834894991,-3.64643488934901,4.40916294582295,-0.000802387588432592,-0.00821786779815943,0.00618310873957197,-0.0289523780990561,-0.0817008783294752,0.0333574912411051,-0.00468184127304221,-0.0185052727935813,0.0108585796104201,"M","60","1","30",7.16920006745022,-1.8542234480301,2.86717869198128
-0.287472847071994,-4.32971454101457,3.1252676139706,0.233074492978675,-5.40248335076773,7.08947723785241,-0.606251940787431,-3.0798696265953,1.93816398330843,0.165818840527405,-4.35492336302112,4.01160193667454,0.277110915500114,-7.3543525619212,9.47273161420162,-0.000433654300952874,-0.0170737617310587,0.0134235145298032,0.0098870514884326,-0.122602588618228,0.162076790381741,0.0014629156245929,-0.0240348917567237,0.0291388410185658,"M","60","2.5","10",-2.42075821358662,0.688277723333726,1.16218178926988
0.0782116504992232,-3.80584062434293,2.89211687878348,0.145530430038635,-6.1873271649789,7.62700210210509,-0.251073147906512,-3.48747310023316,1.93421447436677,-0.0933486359691917,-4.65026993146633,3.94896295151432,0.207762579230464,-8.30359673195321,10.084883274179,-0.00042974880552889,-0.0178432638936006,0.0148429153600822,-0.00337389396948211,-0.119234465000023,0.147349174111645,-0.000751805866251961,-0.0252473779505278,0.028145135886868,"M","60","2.5","20",-1.00135869028452,-0.360513303459811,0.854736137051987
0.697655325506478,-4.39861684396247,3.40229619230011,0.16740368355809,-7.82228748317697,7.55431949234223,0.490249780707155,-3.4471330135191,2.62169385793835,-0.186930559841032,-5.10808837285286,4.39572792635721,0.308614963713629,-10.2878630168085,10.0395883859403,-0.000803103023221025,-0.0177601653157348,0.0175596107374174,-0.0252695845976121,-0.138162000334738,0.166154707198317,-0.00422852495077474,-0.0286760306785145,0.030502004244087,"M","60","2.5","30",1.95859472154211,-0.742388004167026,1.24770967662459
-0.242253634264998,-2.46921322382244,1.64586568674605,0.238107607452944,-3.67268906104742,5.05761403876175,-0.99596888727093,-2.4809832184982,0.553569731805133,-0.233447306084947,-3.23506985096161,2.51637634659625,0.285571013807449,-4.93539660002521,6.63537744948489,-0.000440278712831124,-0.0114534327945671,0.00869854905342666,0.00779543815745368,-0.0717845329887278,0.102740880035332,0.000961257266043681,-0.016865007583393,0.021961410355288,"M","60","2","10",-4.98031022776922,-1.14334028275903,1.48103694579311
0.084349283315061,-2.11923849876537,1.81973041594323,0.162889988328954,-3.92626137221267,4.73920562688016,-0.70036627815619,-2.55536832164336,2.01753848580057,-0.471951252414452,-3.32599372348965,2.15201978543081,0.225491826261897,-5.20435260575118,6.21763454897876,-0.000438815645189246,-0.0106514611677629,0.00918361736821124,-0.00340449134483754,-0.0749124670994304,0.0890809127017826,-0.000694189368981696,-0.0189579303632819,0.0202235698749229,"M","60","2","20",-3.50053494107533,-2.35596792207389,1.13402321662238
0.614628766472003,-1.93076095098776,2.51953847431962,0.179327340337511,-4.53104911598221,5.20575516083791,-0.360058493794718,-2.52992034614992,2.04988482441,-0.78916823404956,-4.07355465095073,2.44373951620959,0.315351825458304,-5.97146920690569,6.9085073749738,-0.000798433301515397,-0.0121477410263199,0.0102962444812777,-0.0219501154563672,-0.102114964731857,0.0843376674710053,-0.00357031579502913,-0.0233770611486022,0.0195300645876551,"M","60","2","30",-1.80578348173049,-3.93672446964365,1.59602171920119
-0.375255081584951,-8.71472500873995,3.85032710447784,0.206517606429091,-7.04148890164051,8.21982014751152,0.13917019877085,-5.09683574601329,2.78339790418373,0.863065605792557,-4.09013899800069,7.59105437526484,0.242493083579966,-9.4797248818194,10.6869321769609,-0.000389011213026861,-0.0192099299481138,0.0172006523967557,0.0126384878000793,-0.13638038375049,0.298908181606179,0.0017814573856273,-0.022234149789252,0.0447625137762014,"M","60","3","10",0.42296603892564,2.62215804607717,0.791281795734676
0.120637939004541,-3.20876348765683,3.94334303368795,0.232383019958489,-7.85461496306703,10.5386753320963,0.662464755541482,-2.86743281144772,3.26379789379532,0.751789780374589,-4.02268835825686,8.78518696371806,0.322844493876572,-10.3345581305174,13.7338063078368,-0.000630607963214455,-0.0239933553956047,0.0180303123853905,-0.00509213631151567,-0.145618071567175,0.12280734530523,-0.00110455863698558,-0.0270598933182163,0.0231596261237616,"M","60","3","20",1.97382045423569,2.28054155744621,1.01581984174845
0.721959605642085,-5.16140104042028,4.39724945099987,0.0335770874261668,-13.6442806009107,9.99613765279917,1.23885956401722,-4.61641034811601,4.69900782476843,0.238579065581126,-9.40176791937768,8.91044835101293,0.136098979431465,-18.0388371137462,13.1035351545126,-0.000502701035656817,-0.0233352277220949,0.032019392778675,-0.0258210158325763,-0.163585061132252,0.18917923655408,-0.00420320895174936,-0.0293193117948951,0.0331240743980694,"M","60","3","30",3.70098900028779,0.748187708425803,0.460027883507394
0.103633406946818,-0.0701212717081233,0.255197518692514,-0.0178397466700823,-0.589611413371067,0.526311374503493,0.186410570531468,-0.126698662277613,0.417229708672042,-0.00370778928853501,-0.44856211844752,0.505623179649033,-0.0229406980431044,-0.783090620563009,0.713090879588409,6.10538261327975e-05,-0.00130964383750281,0.00144400471430788,-0.00336154237104371,-0.0127338136166158,0.0045525727776808,-0.000430122561241981,-0.00350271034475263,0.00231254288040557,"M","no","0.5","10",3.72800944529627,-0.0702304695898874,-0.452681186773134
0.238533006316666,-0.30150068562653,0.685454049060614,-0.363019148685276,-1.51986139504644,0.937215250712262,0.503201702324152,0.0645421837240914,0.822173935732611,-0.307131728180519,-1.18288544015315,0.946137405444398,-0.461643827566729,-2.01637845731629,1.28350578150902,0.000802791023625042,-0.0023718380692141,0.00361553792205496,-0.00658734570411111,-0.0276449108015212,0.0161198976452817,-0.000394482931115775,-0.00630695982506394,0.0050516556893033,"M","no","0.5","20",10.0690695519515,-6.14377348749986,-9.25358634540316
0.29753157568741,-0.921324960126828,1.28617830080919,-1.29153426885821,-3.47745577704891,0.994125951425447,0.79648042079351,-0.220206155175925,1.32681032928342,-1.15923935140626,-2.96515891109564,1.03009912420196,-1.59206541744872,-4.49855387542523,1.43530915095411,0.00241621363000715,-0.00288993689651255,0.00752073936352262,-0.00602346368911108,-0.0471564390835909,0.0430096970918107,0.000660749327256793,-0.00887670259289402,0.0107818071336071,"M","no","0.5","30",15.9452313166767,-23.0938378659484,-31.7032298344566
-0.15306485077709,-1.23475032107621,0.714739451612392,0.0191906898687238,-2.4632520257506,2.78489685577165,0.167668774400525,-0.74013858338324,1.57429878108179,0.124453275426377,-2.33602808536943,2.79888564120095,-0.0266406631726254,-3.31497132971363,3.61212834182557,0.000252999720352494,-0.00604869138425648,0.00600865225353256,0.00572124168430639,-0.0368562944229471,0.0533453055681338,0.00101092015742305,-0.0113014040307267,0.0131177677089559,"M","no","1.5","10",1.19982645364689,0.911038981576667,-0.132914352778812
-0.0183136260055739,-1.30486558803634,1.13086667903444,-0.306957630151251,-3.20461453653307,3.06391592098966,0.348479451597621,-1.16144796884477,2.04387548126326,-0.161489254168331,-3.00021204156312,3.17170890408253,-0.41630796649048,-4.27369698580119,4.01714718093126,0.000797974917311125,-0.00686678572572779,0.00759339089262471,0.00198443772537713,-0.0488219623779631,0.0608712352178018,0.000789333128180466,-0.0137938707872579,0.0161511626688644,"M","no","1.5","20",2.45844863019329,-1.09372906398767,-2.86647238008618
0.0112611216961466,-1.86052217761543,1.47082187469842,-1.26399851290175,-4.62252873116343,2.6289036990008,0.272534383798607,-2.47017927037086,2.36397490236098,-1.0370935823952,-4.56675683262578,2.98047972285683,-1.59207921599857,-6.0950301072637,3.54637550747963,0.00253183328917148,-0.0063797519352533,0.0105493741647505,0.00299240950412493,-0.0634108398565259,0.0891828606917825,0.00171193560196126,-0.0153582851348658,0.0224045281194041,"M","no","1.5","30",1.91753157533867,-7.24133548153623,-11.1212153897595
0.0540591862180073,-0.381957552498086,0.406576945293552,0.0589388329351658,-1.32813096137726,1.51338810430179,0.0843949477986157,-0.652982255332369,0.769263292682592,0.0548493670431751,-0.966935211377275,1.34157703088288,0.0696554074390762,-1.7506702773878,1.92980304456901,-7.64416181243726e-05,-0.00331210438990175,0.00304724283254925,-0.00191869241168844,-0.0236129740665889,0.0190291889947965,-0.00031159886549844,-0.00726501090230164,0.00640423585858898,"M","no","1","10",0.84286171722465,0.541710364242135,0.686671905834828
0.164386390934331,-0.611466181447307,0.784167151446634,-0.254708065973066,-2.37051563794118,1.97027421037904,0.31360329015662,-0.318293564601583,1.0827623986454,-0.272341174314492,-1.99499330791192,1.70780649233728,-0.33558796120906,-3.13114883442819,2.62400274490539,0.000639142914876383,-0.00460002862491691,0.0055125671579171,-0.00450596548705432,-0.038959213125596,0.032597388608447,-0.000255608356489694,-0.0105272068023709,0.0103455307357574,"M","no","1","20",3.13807529024416,-2.76108327806332,-3.41477198192842
0.229702687942706,-1.15480856630123,1.36468204824628,-1.12914238502238,-3.80259665330052,2.06663088757202,0.578290786514825,-0.740821733939377,1.61391359012853,-1.13323928004351,-3.36838377683099,1.61900856237015,-1.4011983237266,-4.97989337307469,2.80657558195928,0.00216997031072262,-0.00512109402723797,0.00852789752813839,-0.00448981967152892,-0.0580662109747097,0.0541523587876772,0.000597939574248297,-0.0131627516527536,0.0145629656810302,"M","no","1","30",5.7879711906462,-11.3562747142205,-14.0527568527505
-0.306471484210792,-3.49408079693224,2.14879345357594,0.165394207599034,-6.11565093053016,6.39515231066672,-0.469637218420678,-2.89189174516064,1.58398090609627,0.215490628474803,-4.80077460675517,3.84237287127991,0.150845448396729,-8.27783196466273,8.41604410155003,-3.50614476132948e-05,-0.0146943139792884,0.0151989380697883,0.0108663741684256,-0.0887081011491886,0.136239922527583,0.00172476993568533,-0.0188929837608542,0.0263467574961475,"M","no","2.5","10",-1.87785201806196,0.881108104858356,0.639524227993093
-0.090997985112723,-6.26477486174387,2.34647074078188,-0.258082578569447,-10.4033422607976,6.26777531011584,0.274732677388795,-2.30196557479055,1.86694934686298,0.0501646876066495,-7.0087606762588,4.42748588191407,-0.361442253096636,-14.1139229125521,8.29747203521944,0.000724439202845468,-0.014698351857634,0.0261016989826504,0.00456176945908878,-0.0962657550343366,0.234439333211089,0.00119847663308315,-0.0208123954645811,0.0422603436309238,"M","no","2.5","20",1.09905163234873,0.239021006240975,-1.3700870414965
0.0387293387170939,-3.61568607549863,3.26340899665203,-1.27464199495733,-6.96407111769147,5.67377516107832,0.38309137880541,-1.72870086226053,2.41338912697873,-1.23904887456021,-5.70341102050737,3.16598915470085,-1.59353428078131,-9.27479915302617,7.64835704831642,0.00247438784742603,-0.0140174284554218,0.0164439631940681,0.00258903314513088,-0.126679779336685,0.145346604751505,0.00184382834668242,-0.0243400866377672,0.0294879233500183,"M","no","2.5","30",1.53859127768158,-4.94612690342683,-6.35856036944097
-0.264932242227562,-2.65114355211689,1.32932762628316,0.191955216065362,-4.39601854206048,4.3103542132155,-0.961158402285764,-2.63969367595609,0.581033972312697,-0.215053539237592,-3.23977153948588,3.79034137250529,0.18804866928146,-5.70592081294766,5.59281778873224,-9.75521902277816e-05,-0.00948401628517306,0.00941973289676054,0.00893892669980236,-0.0505433011466411,0.0925323741413648,0.00125975440334503,-0.0138667447259991,0.0177532098529122,"M","no","2","10",-4.81603249262571,-1.04958825330232,0.996925248354103
-0.0776683728016408,-2.06738464295153,1.72133487854971,-0.201097512853554,-4.4515599122676,4.54784827568838,-0.692483152637736,-2.43871959019365,0.937201652228655,-0.682447933395297,-4.12832927513898,2.59917339640512,-0.288221523193907,-5.94397095807303,5.91438750530849,0.000611881823266911,-0.0100480224443262,0.0105921129227731,0.0033470738455468,-0.0653602483460412,0.0870710316980502,0.000747381180716372,-0.0161053177394635,0.0201676904677143,"M","no","2","20",-3.46251272261861,-3.39950579888546,-1.41593271285683
-0.0646086018727296,-2.41154522302979,2.01358553800859,-1.25472645579708,-5.88854646438959,3.91240768640387,-0.323045883665123,-1.79294903806704,1.23153771891246,-1.68620975525059,-4.98018838962718,1.74034430230086,-1.57503323405912,-7.70051196878381,5.24221483605708,0.00246438732061061,-0.00937320038445461,0.0132108724020578,0.00525758943801675,-0.0853480306694535,0.105905371918295,0.00192924562020924,-0.0189510279900823,0.0243403923239457,"M","no","2","30",-1.61723456248774,-8.42424129056326,-7.86151805308236
-0.343621390003979,-9.12524621914737,3.29227697703297,0.235087523373816,-7.29985538816653,8.49356496806491,0.406224748799832,-4.02079407238754,3.1551681815766,1.05010081384277,-3.34604619903584,8.00656529560291,0.226596013420687,-10.2075843875565,11.0093217786973,-0.000101133155248376,-0.0189201883740898,0.0192884435149644,0.0117242906007522,-0.118559316042271,0.320735381392428,0.00170014200701775,-0.0202756317453734,0.050722398586887,"M","no","3","10",1.21745349846628,3.17088376503375,0.721549393993655
-0.0998797923409333,-4.3935116713344,3.59707188786656,-0.403994947212677,-8.11923221701664,7.85456990880089,0.53110744236995,-3.59027719530543,5.15814869710151,0.0819530506957169,-8.03186176742498,7.10599360554834,-0.539804807188949,-10.7448539886019,10.2275268198297,0.000975512800988886,-0.0177660399523721,0.0190540459909539,0.00550253544162372,-0.128317298223892,0.161327434298609,0.00157183506426996,-0.0214926969700262,0.0281479499903077,"M","no","3","20",1.58804987195299,0.258281948708941,-1.59212058241815
0.100697935466642,-7.68163199478292,4.184595148921,-1.32466251859597,-10.0058259676536,8.35030228337859,1.4592938727823,-2.21726042230089,5.56673875602126,-0.507388666768061,-5.91371612271481,7.864074363671,-1.63590560979821,-13.2277513407032,10.9989082177353,0.00245946011002811,-0.0194686307492322,0.023687045104505,0.000127022415858271,-0.151036491016834,0.278036531397898,0.00136394032038828,-0.0252478230557982,0.0469196456437966,"M","no","3","30",4.38299553331581,-1.48169151604691,-4.83311629353739
