t,x,y,z,theta_x,theta_y,theta_z
0.0016747000627219677,407.118561,-8.185966,-350.101105,-179.801662,0.263675,-65.917591
0.005783299915492535,407.118561,-8.185966,-350.101105,-179.801662,0.263675,-65.917591
0.008412699913606048,406.904602,-8.776626,-350.104645,-179.857869,0.218412,-66.17737
0.01111540012061596,406.669403,-9.289997,-350.107422,-179.916196,0.171314,-66.312817
0.013822299893945456,406.419495,-9.72686,-350.109436,-179.975669,0.123301,-66.33522
0.01678800000809133,406.419495,-9.72686,-350.109436,-179.975669,0.123301,-66.33522
0.01993479998782277,406.163849,-10.097141,-350.110565,179.964783,0.075573,-66.264804
0.022762400098145008,405.891388,-10.360794,-350.111359,179.903247,0.026299,-66.059054
0.025710799964144826,405.621521,-10.571134,-350.110901,179.841883,-0.022804,-65.762205
0.02918930002488196,405.621521,-10.571134,-350.110901,179.841883,-0.022804,-65.762205
0.031838699942454696,404.068512,-12.69397,-350.089691,179.491119,-0.255998,-65.160828
0.03477340005338192,404.068207,-12.195243,-350.089783,179.491119,-0.25594,-64.496541
0.03727889992296696,404.068207,-12.195243,-350.089783,179.491119,-0.25594,-64.496541
0.039838500088080764,404.068207,-11.724483,-350.089783,179.491119,-0.25594,-63.868923
0.042396399891003966,404.068207,-11.09818,-350.089752,179.491119,-0.25594,-63.033665
0.04501000000163913,404.068207,-11.09818,-350.089752,179.491119,-0.25594,-63.033665
0.04751679999753833,404.068207,-10.460293,-350.089752,179.491119,-0.25594,-62.183167
0.050102500012144446,404.068207,-9.681417,-350.089722,179.491119,-0.25594,-61.144509
0.05302909994497895,404.068207,-9.681417,-350.089722,179.491119,-0.25594,-61.144509
0.05573299992829561,404.068207,-8.911424,-350.089722,179.491119,-0.25594,-60.117883
0.05817240010946989,404.068207,-8.056045,-350.089722,179.491119,-0.25594,-58.977296
0.06077209999784827,404.068207,-7.271842,-350.089722,179.491119,-0.25594,-57.931763
0.0668909999076277,403.824219,-6.546413,-350.093262,179.435026,-0.29175,-56.933097
0.06974619999527931,403.824219,-6.546413,-350.093262,179.435026,-0.29175,-56.933097
0.07336869998835027,403.641449,-6.151176,-350.085876,179.368219,-0.343603,-55.772113
0.07620149990543723,403.456451,-5.710029,-350.07843,179.29849,-0.392018,-54.501865
0.0807523000985384,403.1922,-4.839344,-350.063721,179.187738,-0.457507,-52.172448
0.08745849994011223,403.05481,-4.206317,-350.05719,179.131015,-0.485353,-50.850806
0.09068130003288388,402.9021,-3.481799,-350.051697,179.069937,-0.513485,-49.501892
0.09321570000611246,402.9021,-3.481799,-350.051697,179.069937,-0.513485,-49.501892
0.095778499962762,402.793671,-2.865639,-350.043488,179.011496,-0.540987,-48.17601
0.0987207000143826,402.699921,-2.243753,-350.035248,178.954773,-0.565509,-46.855629
0.10140089993365109,402.613892,-1.599725,-350.027191,178.898508,-0.587683,-45.534331
0.10498349997214973,402.613892,-1.599725,-350.027191,178.898508,-0.587683,-45.534331
0.1079689001198858,402.547241,-0.96855,-350.018646,178.844307,-0.607564,-44.221398
0.11116539989598095,402.50119,-0.346152,-350.009888,178.793199,-0.624581,-42.919352
0.1142180000897497,402.459259,0.310241,-350.001648,178.742893,-0.639249,-41.614841
0.11688819993287325,402.459259,0.310241,-350.001648,178.742893,-0.639249,-41.614841
0.11981240008026361,402.435272,0.960629,-349.993225,178.695166,-0.651625,-40.318868
0.1225503000896424,402.422455,1.624002,-349.985077,178.649444,-0.661824,-39.026676
0.12672160007059574,402.424805,2.291077,-349.977051,178.606701,-0.66973,-37.742048
0.13050840003415942,402.444702,2.961287,-349.96936,178.568084,-0.675116,-36.468363
0.13385049998760223,402.478851,3.648012,-349.962402,178.533993,-0.677752,-35.204131
0.1366357000079006,402.478851,3.648012,-349.962402,178.533993,-0.677752,-35.204131
0.13922269991599023,402.52774,4.354433,-349.956299,178.50523,-0.67758,-33.950958
0.14322689990513027,402.58783,5.09134,-349.951324,178.481739,-0.674658,-32.706837
0.14582079998217523,402.58783,5.09134,-349.951324,178.481739,-0.674658,-32.706837
0.14844130002893507,402.678131,5.836545,-349.947723,178.47028,-0.667725,-31.492396
0.15092719998210669,402.787872,6.647326,-349.947021,178.472973,-0.655464,-30.304483
0.15354950004257262,402.787872,6.647326,-349.947021,178.472973,-0.655464,-30.304483
0.15658139996230602,402.933105,7.549134,-349.950623,178.500876,-0.634952,-29.167276
0.15968789998441935,403.072266,8.419574,-349.960083,178.553932,-0.60808,-28.336888
0.1627479000017047,403.18866,9.265903,-349.972717,178.619593,-0.578344,-27.733564
0.16549909999594092,403.18866,9.265903,-349.972717,178.619593,-0.578344,-27.733564
0.16863549989648163,403.288025,10.066069,-349.98584,178.689436,-0.548664,-27.27514
0.17165270005352795,403.376892,10.787919,-349.998413,178.760483,-0.520074,-26.941793
0.1747341000009328,403.456207,11.432227,-350.010223,178.831014,-0.492801,-26.714902
0.1773514999076724,403.456207,11.432227,-350.010223,178.831014,-0.492801,-26.714902
0.18097390001639724,403.530945,11.976205,-350.021149,178.902004,-0.466674,-26.613832
0.18437190004624426,403.598602,12.441907,-350.031403,178.972363,-0.441235,-26.619676
0.187381099909544,403.665375,12.802338,-350.040771,179.043524,-0.416311,-26.758504
0.18999120010994375,403.665375,12.802338,-350.040771,179.043524,-0.416311,-26.758504
0.1926003999542445,403.724304,13.106718,-350.049622,179.112451,-0.39196,-26.977947
0.19565659994259477,404.067902,15.617505,-350.090027,179.491176,-0.25594,-27.413739
0.1993215000256896,404.068207,15.280604,-350.089966,179.491176,-0.25594,-27.862995
0.20369170000776649,404.068207,14.746736,-350.089996,179.491176,-0.25594,-28.574952
0.20685470011085272,404.068207,14.152331,-350.090027,179.491176,-0.25594,-29.367525
0.2095023998990655,404.068207,14.152331,-350.090027,179.491176,-0.25594,-29.367525
0.2123557000886649,404.068207,13.560018,-350.090027,179.491176,-0.25594,-30.15729
0.21528670005500317,404.068237,12.915272,-350.090027,179.491176,-0.25594,-31.016956
0.21881680004298687,404.068207,12.397122,-350.089996,179.491176,-0.25594,-31.707714
0.22189170005731285,404.220215,11.686798,-350.086395,179.546237,-0.237777,-32.679966
0.22491060011088848,404.220215,11.686798,-350.086395,179.546237,-0.237777,-32.679966
0.22822090005502105,404.284058,11.424656,-350.092285,179.604049,-0.209359,-33.610678
0.23234930005855858,404.383545,10.994132,-350.094574,179.66398,-0.180997,-34.699928
0.23559230007231236,404.515015,10.413558,-350.096375,179.731303,-0.147995,-36.021284
0.23924700007773936,404.600891,10.017616,-350.100159,179.783327,-0.119061,-37.164163
0.24213819997385144,404.763184,9.280282,-350.098663,179.841941,-0.088923,-38.519723
0.24522210005670786,404.763184,9.280282,-350.098663,179.841941,-0.088923,-38.519723
0.24825090006925166,404.895813,8.683633,-350.100189,179.896257,-0.056551,-39.843542
0.25145759992301464,405.037445,8.045122,-350.100433,179.946506,-0.025497,-41.163007
0.2539419000968337,405.192108,7.36399,-350.099701,179.995035,0.00573,-42.485393
0.2565202000550926,405.192108,7.36399,-350.099701,179.995035,0.00573,-42.485393
0.25895579997450113,405.338318,6.715344,-350.09964,-179.9606,0.036727,-43.791966
0.2620399999432266,405.50415,6.005341,-350.098053,-179.916483,0.068239,-45.10828
0.265083699952811,405.50415,6.005341,-350.098053,-179.916483,0.068239,-45.10828
0.26772590004839003,405.675629,5.296859,-350.096313,-179.87311,0.101012,-46.423447
0.27066490007564425,405.852661,4.589651,-350.09433,-179.830711,0.134874,-47.736895
0.27326090005226433,405.852661,4.589651,-350.09433,-179.830711,0.134874,-47.736895
0.27628120011650026,406.027405,3.901055,-350.09259,-179.790948,0.168851,-49.040775
0.27887969999574125,406.212036,3.190744,-350.090179,-179.752044,0.203343,-50.346203
0.28140400000847876,406.212036,3.190744,-350.090179,-179.752044,0.203343,-50.346203
0.2839647000655532,406.39743,2.48635,-350.087769,-179.71526,0.237949,-51.64527
0.28639540006406605,406.590576,1.766664,-350.0849,-179.67945,0.273014,-52.944509
0.28939800010994077,406.590576,1.766664,-350.0849,-179.67945,0.273014,-52.944509
0.2921565999276936,406.784119,1.051486,-350.082062,-179.645817,0.308079,-54.237445
0.295141400070861,406.973633,0.343622,-350.079529,-179.615279,0.342113,-55.520011
0.2978676001075655,407.161438,-0.372664,-350.076996,-179.587719,0.374772,-56.794613
0.30089260009117424,407.161438,-0.372664,-350.076996,-179.587719,0.374772,-56.794613
0.30361879989504814,407.333893,-1.078993,-350.075409,-179.565775,0.403993,-58.049563
0.3075695000588894,407.485535,-1.794194,-350.074799,-179.551165,0.427427,-59.280792
0.3101759999990463,407.647369,-2.590988,-350.073029,-179.538159,0.449142,-60.518266
0.3126854000147432,407.647369,-2.590988,-350.073029,-179.538159,0.449142,-60.518266
0.3151716000866145,407.765656,-3.369106,-350.0737,-179.535523,0.462492,-61.717066
0.31790010002441704,407.853943,-4.2141,-350.075134,-179.542341,0.466617,-62.891744
0.3209609999321401,407.853943,-4.2141,-350.075134,-179.542341,0.466617,-62.891744
0.32400389993563294,407.851166,-5.110965,-350.080109,-179.570703,0.450116,-63.997094
0.32652770006097853,407.755676,-5.964756,-350.086151,-179.616539,0.413045,-64.77878
0.3293429999612272,407.755676,-5.964756,-350.086151,-179.616539,0.413045,-64.77878
0.3323407999705523,407.605408,-6.792649,-350.091705,-179.670684,0.367209,-65.359702
0.3350835999008268,407.405945,-7.532793,-350.097107,-179.730329,0.317419,-65.76908
0.3381562000140548,407.186554,-8.22237,-350.101227,-179.79089,0.267858,-66.08054
0.3412115001119673,407.186554,-8.22237,-350.101227,-179.79089,0.267858,-66.08054
0.3437928999774158,406.939911,-8.80535,-350.105042,-179.853171,0.217953,-66.265548
0.34637699997983873,406.677399,-9.304851,-350.107941,-179.916483,0.167361,-66.334303
0.34942499990575016,406.677399,-9.304851,-350.107941,-179.916483,0.167361,-66.334303
0.3520704999100417,406.402039,-9.717115,-350.110046,-179.980539,0.116081,-66.285717
0.3545780999120325,406.116272,-10.040587,-350.111359,179.954355,0.063942,-66.115376
0.35708440002053976,406.116272,-10.040587,-350.111359,179.954355,0.063942,-66.115376
0.360061899991706,405.833099,-10.302629,-350.111481,179.890012,0.012548,-65.856342
0.3631859999150038,405.536133,-10.44756,-350.111298,179.823492,-0.04005,-65.453152
0.36572159989736974,405.536133,-10.44756,-350.111298,179.823492,-0.04005,-65.453152
0.3688149999361485,404.068512,-12.370398,-350.089661,179.491119,-0.255998,-64.729449
0.3724338000174612,404.068207,-11.960465,-350.089813,179.491119,-0.25594,-64.183592
0.37574289995245636,404.068207,-11.397553,-350.089783,179.491119,-0.25594,-63.432902
0.37964330008253455,404.068207,-10.870759,-350.089783,179.491119,-0.25594,-62.730571
0.3829550000373274,404.068207,-10.241631,-350.089752,179.491119,-0.25594,-61.891646
0.38641120004467666,403.837555,-9.59135,-350.092957,179.441214,-0.291177,-60.994107
0.3899340000934899,403.646637,-9.21029,-350.086426,179.380137,-0.342915,-59.910243
0.39344800007529557,403.646637,-9.21029,-350.086426,179.380137,-0.342915,-59.910243
0.3970522000454366,403.48288,-8.885839,-350.079163,179.322612,-0.38795,-58.839672
0.3998424999881536,403.325623,-8.483194,-350.072693,179.268353,-0.425077,-57.746755
0.4032839999999851,403.162445,-7.958179,-350.066345,179.21226,-0.45934,-56.54108
0.40586589998565614,403.162445,-7.958179,-350.066345,179.21226,-0.45934,-56.54108
0.4084453999530524,402.98941,-7.313486,-350.059906,179.151297,-0.49389,-55.202879
0.4114367999136448,402.867126,-6.755573,-350.051239,179.096122,-0.524543,-53.89516
0.41445309994742274,402.741211,-6.100812,-350.044495,179.042092,-0.550727,-52.578904
0.4170017000287771,402.741211,-6.100812,-350.044495,179.042092,-0.550727,-52.578904
0.41951099992729723,402.651093,-5.48703,-350.036621,178.99276,-0.573531,-51.28253
0.42253819992765784,402.554535,-4.799497,-350.030029,178.942569,-0.594157,-49.973723
0.4252418000251055,402.554535,-4.799497,-350.030029,178.942569,-0.594157,-49.973723
0.4277862999588251,402.482483,-4.140755,-350.022552,178.894784,-0.61295,-48.675515
0.4307623999193311,402.415833,-3.458741,-350.015381,178.847114,-0.630082,-47.374557
0.43382830009795725,402.415833,-3.458741,-350.015381,178.847114,-0.630082,-47.374557
0.43674109992571175,402.357758,-2.771127,-350.008026,178.799387,-0.64601,-46.072568
0.43985809991136193,402.325714,-2.112961,-350.000122,178.755269,-0.659589,-44.785361
0.443659899989143,402.289703,-1.412025,-349.99292,178.710063,-0.671793,-43.488986
0.44734499999321997,402.259857,-0.706205,-349.985474,178.664226,-0.683138,-42.190034
0.45116820000112057,402.244019,-0.012272,-349.977661,178.619421,-0.693279,-40.895607
0.45474110008217394,402.240784,0.677816,-349.969757,178.575991,-0.701873,-39.60565
0.45816879998892546,402.240784,0.677816,-349.969757,178.575991,-0.701873,-39.60565
0.4611933999694884,402.253571,1.36192,-349.961853,178.535196,-0.70852,-38.324001
0.46441400004550815,402.283051,2.045941,-349.954224,178.49824,-0.712817,-37.052665
0.467662800103426,402.32489,2.744748,-349.947296,178.465009,-0.71465,-35.789178
0.47285449993796647,402.445892,4.196877,-349.935913,178.41201,-0.710983,-33.28902
0.4770426999311894,402.445892,4.196877,-349.935913,178.41201,-0.710983,-33.28902
0.47964380006305873,402.546722,4.932961,-349.932098,178.400723,-0.703707,-32.077157
0.4825518000870943,402.650085,5.750438,-349.931061,178.397801,-0.692305,-30.87406
0.48550630011595786,402.650085,5.750438,-349.931061,178.397801,-0.692305,-30.87406
0.4881778000853956,402.786469,6.61527,-349.932953,178.413786,-0.675116,-29.712044
0.4913347999099642,402.951019,7.584092,-349.94043,178.45842,-0.648875,-28.637691
0.49401400005444884,403.097015,8.470136,-349.9534,178.525914,-0.61782,-27.92751
0.49702190002426505,403.097015,8.470136,-349.9534,178.525914,-0.61782,-27.92751
0.49955189996398985,403.217194,9.315717,-349.968781,178.604295,-0.584589,-27.446111
0.5025450000539422,403.312134,10.147879,-349.983978,178.681529,-0.552217,-27.048765
0.5051150999497622,403.312134,10.147879,-349.983978,178.681529,-0.552217,-27.048765
0.5080369000788778,403.402527,10.857653,-349.997589,178.758936,-0.521965,-26.787897
0.510659399908036,403.482483,11.481658,-350.010376,178.835655,-0.492973,-26.642652
0.5131838999222964,403.482483,11.481658,-350.010376,178.835655,-0.492973,-26.642652
0.5157016001176089,403.555328,12.014176,-350.022095,178.911285,-0.465242,-26.609306
0.5186970001086593,403.623627,12.450314,-350.032837,178.986114,-0.438427,-26.693072
0.521390900015831,403.623627,12.450314,-350.032837,178.986114,-0.438427,-26.693072
0.5243399001192302,403.688751,12.792368,-350.042664,179.060369,-0.412243,-26.894868
0.5273100999183953,403.74762,13.070271,-350.051636,179.131645,-0.386804,-27.174873
0.5308558999095112,404.067932,15.463522,-350.090027,179.491176,-0.25594,-27.619087
0.5348900000099093,404.068207,14.858779,-350.090027,179.491176,-0.25594,-28.425582
0.5379578999709338,404.068207,14.448849,-350.089966,179.491176,-0.25594,-28.972069
0.5415046999696642,404.068207,14.448849,-350.089966,179.491176,-0.25594,-28.972069
0.5445459000766277,404.068237,13.753514,-350.090027,179.491176,-0.25594,-29.899344
0.5476210000924766,404.068237,13.153986,-350.090027,179.491176,-0.25594,-30.698678
0.5507954000495374,404.068237,12.3163,-350.090057,179.491176,-0.25594,-31.815716
0.5537890999112278,404.068237,12.3163,-350.090057,179.491176,-0.25594,-31.815716
0.5570861999876797,404.068237,11.510503,-350.090057,179.491176,-0.25594,-32.890069
0.5603304000105709,404.068237,10.742355,-350.090057,179.491176,-0.25594,-33.914231
0.5633660999592394,404.068237,9.979303,-350.090057,179.491176,-0.25594,-34.931632
0.5659723998978734,404.246429,9.194194,-350.08609,179.551738,-0.233652,-36.004038
0.5685366000980139,404.246429,9.194194,-350.08609,179.551738,-0.233652,-36.004038
0.571013200096786,404.360138,8.772942,-350.091827,179.62479,-0.195493,-37.212234
0.5759958000853658,404.480988,8.334394,-350.095551,179.694175,-0.157964,-38.471824
0.5793155001010746,404.626099,7.773641,-350.097534,179.761211,-0.121066,-39.823775
0.5826759000774473,404.762512,7.230803,-350.099823,179.820684,-0.086001,-41.152866
0.5852616000920534,404.762512,7.230803,-350.099823,179.820684,-0.086001,-41.152866
0.5877727000042796,404.908539,6.617873,-350.100616,179.873969,-0.053743,-42.475882
0.5902893000748008,405.067413,5.946948,-350.100342,179.924619,-0.021772,-43.801764
0.593295400030911,405.067413,5.946948,-350.100342,179.924619,-0.021772,-43.801764
0.596507899928838,405.226074,5.282799,-350.100159,179.972575,0.010657,-45.120369
0.5996727000456303,405.382935,4.623619,-350.099915,-179.983003,0.042685,-46.429119
0.6024639999959618,405.553131,3.922451,-350.098633,-179.939573,0.075115,-47.742281
0.6050964000169188,405.553131,3.922451,-350.098633,-179.939573,0.075115,-47.742281
0.6077642000745982,405.723969,3.229102,-350.097412,-179.898263,0.10806,-49.049484
0.6109468000940979,405.908264,2.50791,-350.095306,-179.856838,0.142265,-50.362245
0.6140006000641733,406.085388,1.819448,-350.093811,-179.818621,0.176414,-51.661656
0.6168557000346482,406.085388,1.819448,-350.093811,-179.818621,0.176414,-51.661656
0.6197754999157041,406.270844,1.108907,-350.091675,-179.781608,0.210734,-52.961354
0.6226584000978619,406.453583,0.406806,-350.089722,-179.747517,0.244538,-54.251769
0.6255983000155538,406.453583,0.406806,-350.089722,-179.747517,0.244538,-54.251769
0.6286836999934167,406.636444,-0.303346,-350.087646,-179.716062,0.277426,-55.535539
0.6317412999924272,406.817535,-1.021888,-350.085632,-179.687586,0.309111,-56.811573
0.6343169999308884,406.992828,-1.747002,-350.083832,-179.662834,0.338847,-58.076778
0.6373612000606954,406.992828,-1.747002,-350.083832,-179.662834,0.338847,-58.076778
0.6401458000764251,407.156616,-2.479844,-350.08252,-179.642953,0.365261,-59.326972
0.642930299974978,407.283569,-3.202925,-350.083008,-179.633327,0.383595,-60.540726
0.6460434999316931,407.401428,-4.016071,-350.082977,-179.629832,0.395455,-61.745198
0.6491634000558406,407.401428,-4.016071,-350.082977,-179.629832,0.395455,-61.745198
0.6522486999165267,407.470947,-4.864402,-350.084839,-179.638655,0.396258,-62.911683
0.6552715001162142,407.445862,-5.683231,-350.089325,-179.667532,0.376834,-63.874194
0.6580042000859976,407.445862,-5.683231,-350.089325,-179.667532,0.376834,-63.874194
0.6605503000319004,407.368469,-6.512043,-350.093109,-179.706895,0.344978,-64.624253
0.6630814999807626,407.253571,-7.307492,-350.09668,-179.75107,0.30934,-65.245225
0.6660416000522673,407.08609,-7.983036,-350.1008,-179.801261,0.268946,-65.685601
0.6691606000531465,407.08609,-7.983036,-350.1008,-179.801261,0.268946,-65.685601
0.6718739999923855,406.898376,-8.615109,-350.10379,-179.853572,0.226605,-66.017859
0.6746149999089539,406.688324,-9.165417,-350.106476,-179.907602,0.183289,-66.237187
0.677657299907878,406.688324,-9.165417,-350.106476,-179.907602,0.183289,-66.237187
0.6806363000068814,406.459656,-9.632645,-350.108612,-179.963351,0.138598,-66.339059
0.6833196999505162,406.224579,-10.040301,-350.109863,179.980826,0.093736,-66.351034
0.6860160001087934,405.966156,-10.331791,-350.111053,179.92204,0.04641,-66.213467
0.6890481999143958,405.966156,-10.331791,-350.111053,179.92204,0.04641,-66.213467
0.6926975999958813,405.715973,-10.595437,-350.110687,179.864343,-0.000401,-66.007545
0.6956724000629038,405.447998,-10.739153,-350.110382,179.804126,-0.048472,-65.659989
0.6992780000437051,404.068512,-12.650589,-350.089691,179.491119,-0.255998,-65.103189
0.7053559999912977,404.068207,-11.509007,-350.089783,179.491119,-0.25594,-63.581528
0.7092494000680745,404.068207,-11.509007,-350.089783,179.491119,-0.25594,-63.581528
0.7122899999376386,404.068207,-10.941072,-350.089783,179.491119,-0.25594,-62.824307
0.7148213000036776,404.068207,-10.159733,-350.089722,179.491119,-0.25594,-61.782268
0.7178269999567419,404.068207,-10.159733,-350.089722,179.491119,-0.25594,-61.782268
0.7205076001118869,404.068207,-9.395064,-350.089722,179.491119,-0.25594,-60.762747
0.7230553000699729,404.068207,-8.625301,-350.089722,179.491119,-0.25594,-59.736408
0.7260259999893606,404.068207,-7.750004,-350.089722,179.491119,-0.25594,-58.569236
0.7290592000354081,404.068207,-7.750004,-350.089722,179.491119,-0.25594,-58.569236
0.7321615000255406,404.068207,-6.901674,-350.089722,179.491119,-0.25594,-57.43816
0.7346904000733048,403.857697,-6.26742,-350.092865,179.44236,-0.286937,-56.566462
0.73722940008156,403.857697,-6.26742,-350.092865,179.44236,-0.286937,-56.566462
0.740209799958393,403.654419,-5.78091,-350.087097,179.373204,-0.338503,-55.360042
0.7428737001027912,403.461273,-5.311818,-350.079102,179.299006,-0.390356,-54.017831
0.7454570999834687,403.461273,-5.311818,-350.079102,179.299006,-0.390356,-54.017831
0.7484045000746846,403.292328,-4.822519,-350.070587,179.229162,-0.434302,-52.670291
0.7509711999446154,403.14624,-4.290292,-350.062347,179.165335,-0.470112,-51.338909
0.7540635999757797,403.020447,-3.714257,-350.054535,179.106549,-0.499734,-50.018471
0.7571169000584632,403.020447,-3.714257,-350.054535,179.106549,-0.499734,-50.018471
0.7597336999606341,402.911652,-3.100396,-350.047119,179.051431,-0.524887,-48.704392
0.7625424000434577,402.807861,-2.438062,-350.040222,178.996885,-0.547633,-47.385042
0.7657008001115173,402.807861,-2.438062,-350.040222,178.996885,-0.547633,-47.385042
0.7687711999751627,402.725494,-1.79192,-350.032654,178.944288,-0.568546,-46.073484
0.7715465000364929,402.657104,-1.138917,-350.025055,178.893295,-0.587224,-44.76588
0.7746099000796676,402.598999,-0.473314,-350.017487,178.843161,-0.604012,-43.459193
0.7776385999750346,402.598999,-0.473314,-350.017487,178.843161,-0.604012,-43.459193
0.7804171000607312,402.558075,0.185887,-350.009674,178.795204,-0.61868,-42.159724
0.783331299899146,402.541748,0.829892,-350.00174,178.751774,-0.630425,-40.875611
0.7860073000192642,402.541748,0.829892,-350.00174,178.751774,-0.630425,-40.875611
0.7885012000333518,402.51709,1.535099,-349.994812,178.707141,-0.640567,-39.579065
0.7910027001053095,402.508759,2.228631,-349.987518,178.664341,-0.649276,-38.289165
0.7935637000482529,402.508759,2.228631,-349.987518,178.664341,-0.649276,-38.289165
0.7962915999814868,402.518707,2.913962,-349.980194,178.624921,-0.655979,-37.009521
0.7998420998919755,402.549194,3.597346,-349.973236,178.590716,-0.659875,-35.74443
0.8023491001222283,402.587189,4.313269,-349.967255,178.560062,-0.661308,-34.483866
0.8055565000977367,402.647003,5.035732,-349.962067,178.5368,-0.659589,-33.241522
0.8100650999695063,402.722595,5.793348,-349.958405,178.521846,-0.654318,-32.015449
0.8133712999988347,402.722595,5.793348,-349.958405,178.521846,-0.654318,-32.015449
0.8162666999269277,402.82663,6.586919,-349.95694,178.521617,-0.64389,-30.821921
0.8203002999071032,402.963867,7.471442,-349.959595,178.545337,-0.625269,-29.676177
0.8229853000957519,403.092316,8.336705,-349.967682,178.591231,-0.600517,-28.810094
0.8270845001097769,403.195526,9.225279,-349.978271,178.644459,-0.573703,-28.08049
0.8303761999122798,403.29718,9.998345,-349.988953,178.705135,-0.547117,-27.545977
0.833163799950853,403.29718,9.998345,-349.988953,178.705135,-0.547117,-27.545977
0.8368051999714226,403.383789,10.723723,-350.000153,178.768676,-0.520589,-27.135797
0.8400371000170708,403.463409,11.363895,-350.010834,178.833936,-0.494921,-26.853042
0.8431341999676079,403.534088,11.934617,-350.021057,178.899196,-0.469997,-26.673592
0.8462861999869347,403.599792,12.420961,-350.030548,178.964341,-0.44599,-26.602259
0.8499153000302613,403.662476,12.817176,-350.039398,179.03006,-0.422442,-26.64947
0.8530015000142157,403.71991,13.144446,-350.047699,179.094918,-0.399352,-26.792137
0.8571335999295115,403.71991,13.144446,-350.047699,179.094918,-0.399352,-26.792137
0.8609045001212507,403.779358,13.369671,-350.055237,179.160637,-0.376319,-27.062114
0.8636827999725938,404.067963,15.473731,-350.090027,179.491176,-0.25594,-27.605565
0.8673920000437647,404.068207,15.019962,-350.089996,179.491176,-0.25594,-28.210608
0.8711922001093626,404.068207,14.512794,-350.089996,179.491176,-0.25594,-28.88687
0.8736546000000089,404.068207,14.512794,-350.089996,179.491176,-0.25594,-28.88687
0.8761648000217974,404.068237,13.941871,-350.089996,179.491176,-0.25594,-29.648102
0.878673099912703,404.068237,13.290632,-350.090027,179.491176,-0.25594,-30.516477
0.8812102999072522,404.068237,13.290632,-350.090027,179.491176,-0.25594,-30.516477
0.8837105999700725,404.068237,12.627754,-350.090027,179.491176,-0.25594,-31.400322
0.8861996999476105,404.068237,11.799621,-350.090057,179.491176,-0.25594,-32.504583
0.8887265999801457,404.068237,11.799621,-350.090057,179.491176,-0.25594,-32.504583
0.8912333999760449,404.068268,10.954684,-350.090057,179.491176,-0.25594,-33.63119
0.8937651000451297,404.068268,10.954684,-350.090057,179.491176,-0.25594,-33.63119
0.8962681998964399,404.068268,10.07459,-350.090088,179.491176,-0.25594,-34.804665
0.8987879001069814,404.210205,9.447585,-350.086853,179.539534,-0.238293,-35.661122
0.9014973000157624,404.210205,9.447585,-350.086853,179.539534,-0.238293,-35.661122
0.9042350000236183,404.330139,8.973501,-350.090851,179.60846,-0.204088,-36.813742
0.9072032000403851,404.458649,8.492623,-350.094513,179.68094,-0.165699,-38.108282
0.9099298000801355,404.458649,8.492623,-350.094513,179.68094,-0.165699,-38.108282
0.9124147000256926,404.580658,8.030288,-350.09787,179.745569,-0.129431,-39.387754
0.9154074001125991,404.714874,7.479603,-350.099701,179.804011,-0.095913,-40.698281
0.9181053000502288,404.862091,6.848144,-350.100372,179.857926,-0.063999,-42.025824
0.9211929000448436,404.862091,6.848144,-350.100372,179.857926,-0.063999,-42.025824
0.9246267999988049,405.017548,6.18208,-350.100372,179.909206,-0.032028,-43.352737
0.9276280999183655,405.160889,5.554854,-350.101105,179.955386,-0.00063,-44.660169
0.930541800102219,405.332062,4.83238,-350.099609,-179.998014,0.031341,-45.984733
0.9332725000567734,405.332062,4.83238,-350.099609,-179.998014,0.031341,-45.984733
0.9363301999401301,405.497833,4.1486,-350.098785,-179.953553,0.064458,-47.29864
0.939326599938795,405.661896,3.474413,-350.098022,-179.912185,0.097346,-48.603036
0.9418605000246316,405.661896,3.474413,-350.098022,-179.912185,0.097346,-48.603036
0.944467700086534,405.838837,2.764705,-350.096252,-179.871505,0.130692,-49.911614
0.9473109000828117,406.018127,2.058988,-350.094452,-179.832487,0.164611,-51.215723
0.9499377999454737,406.205994,1.339597,-350.092133,-179.794213,0.199389,-52.520864
0.9526204001158476,406.205994,1.339597,-350.092133,-179.794213,0.199389,-52.520864
0.9556422000750899,406.383545,0.652223,-350.090576,-179.759951,0.233194,-53.809675
0.9583354000933468,406.573456,-0.073514,-350.088013,-179.726375,0.26717,-55.102726
0.9608601001091301,406.573456,-0.073514,-350.088013,-179.726375,0.26717,-55.102726
0.9644845000002533,406.754364,-0.780251,-350.086121,-179.696639,0.299829,-56.381396
0.966998300049454,406.918915,-1.475222,-350.085022,-179.672861,0.328763,-57.638924
0.9697418001014739,407.088287,-2.223351,-350.083252,-179.651719,0.355635,-58.895592
0.9733070998918265,407.088287,-2.223351,-350.083252,-179.651719,0.355635,-58.895592
0.9767901001032442,407.23526,-2.968032,-350.082611,-179.637395,0.377694,-60.128941
0.9798069999087602,407.343903,-3.727352,-350.083588,-179.6339,0.390299,-61.326538
0.9828927000053227,407.438721,-4.58797,-350.084106,-179.637338,0.39557,-62.513649
0.98576489998959,407.463654,-5.485657,-350.08728,-179.657219,0.386116,-63.649079
0.9885982999112457,407.463654,-5.485657,-350.08728,-179.657219,0.386116,-63.649079
0.9911948000080884,407.381531,-6.244524,-350.09256,-179.696008,0.355921,-64.408363
0.9943421999923885,407.233002,-6.954667,-350.097473,-179.746601,0.312377,-64.906779
0.9975121000315994,407.233002,-6.954667,-350.097473,-179.746601,0.312377,-64.906779
1.0006160999182612,407.121887,-7.812377,-350.098724,-179.790546,0.276338,-65.497327
1.0037849000655115,406.941742,-8.43127,-350.102966,-179.840222,0.238522,-65.893412
1.006311499979347,406.741028,-8.996011,-350.105713,-179.892762,0.196754,-66.158233
1.0095146000385284,406.741028,-8.996011,-350.105713,-179.892762,0.196754,-66.158233
1.0125148999504745,406.523407,-9.493723,-350.10791,-179.946964,0.153324,-66.311041
1.0155376000329852,406.289368,-9.90998,-350.109589,179.99727,0.108346,-66.346622
1.0179490000009537,406.044769,-10.252545,-350.110596,179.940318,0.062338,-66.272367
1.0205129000823945,406.044769,-10.252545,-350.110596,179.940318,0.062338,-66.272367
1.0230761000420898,405.782227,-10.494091,-350.111176,179.880787,0.01398,-66.055903
1.025571099948138,405.782227,-10.494091,-350.111176,179.880787,0.01398,-66.055903
1.0280325999483466,405.514709,-10.668423,-350.110687,179.819825,-0.035695,-65.722728
1.0304984000977129,404.068512,-12.669778,-350.089691,179.491119,-0.255998,-65.128686
1.0330187000799924,404.068512,-12.669778,-350.089691,179.491119,-0.255998,-65.128686
1.0355616000015289,404.068207,-12.26529,-350.089813,179.491119,-0.25594,-64.590048
1.0380911000538617,404.068207,-11.679029,-350.089783,179.491119,-0.25594,-63.80819
1.0406005000695586,404.068207,-11.679029,-350.089783,179.491119,-0.25594,-63.80819
1.0435971000697464,404.068207,-11.085103,-350.089783,179.491119,-0.25594,-63.016305
1.046119200065732,404.068207,-10.422647,-350.089752,179.491119,-0.25594,-62.132976
1.048925400013104,404.068207,-10.422647,-350.089752,179.491119,-0.25594,-62.132976
1.0514314000029117,404.068207,-9.730834,-350.089752,179.491119,-0.25594,-61.210514
1.0539434000384063,404.068207,-9.730834,-350.089752,179.491119,-0.25594,-61.210514
1.0564675000496209,404.068207,-8.867832,-350.089722,179.491119,-0.25594,-60.059671
1.05896669998765,404.068207,-8.033529,-350.089722,179.491119,-0.25594,-58.94733
1.0615942000877112,404.068207,-8.033529,-350.089722,179.491119,-0.25594,-58.94733
1.0645985999144614,404.068207,-7.173125,-350.089722,179.491119,-0.25594,-57.800097
1.0672337000723928,403.8573,-6.539896,-350.092865,179.442475,-0.287109,-56.929889
1.0697405999526381,403.8573,-6.539896,-350.092865,179.442475,-0.287109,-56.929889
1.072268000105396,403.657166,-6.066577,-350.087036,179.374636,-0.338446,-55.742434
1.0748127000406384,403.469238,-5.616391,-350.079193,179.30273,-0.389268,-54.437809
1.077401699963957,403.469238,-5.616391,-350.079193,179.30273,-0.389268,-54.437809
1.0801558000966907,403.295319,-5.113777,-350.070984,179.233001,-0.433385,-53.088149
1.0827327999286354,403.151917,-4.596266,-350.062469,179.169747,-0.469596,-51.760205
1.0857812000904232,403.151917,-4.596266,-350.062469,179.169747,-0.469596,-51.760205
1.0882961000315845,403.015747,-3.989319,-350.055298,179.110159,-0.499562,-50.432719
1.0911010999698192,402.906342,-3.386165,-350.047546,179.054468,-0.525803,-49.117781
1.093832700047642,402.906342,-3.386165,-350.047546,179.054468,-0.525803,-49.117781
1.0963759999722242,402.811401,-2.753681,-350.040161,179.001469,-0.54855,-47.80714
1.0993822999298573,402.738647,-2.121077,-350.032623,178.95208,-0.56803,-46.507213
1.1020498999860138,402.659973,-1.426013,-350.02597,178.901373,-0.586021,-45.194395
1.1045776000246406,402.659973,-1.426013,-350.02597,178.901373,-0.586021,-45.194395
1.1070985000114888,402.608002,-0.768202,-350.018372,178.853302,-0.602351,-43.894526
1.1097321999259293,402.561279,-0.086644,-350.011078,178.805632,-0.616904,-42.592307
1.114645899971947,402.500885,1.279147,-349.995972,178.712183,-0.641942,-39.993142
1.1229793999809772,402.494873,1.952774,-349.988251,178.668982,-0.651568,-38.704789
1.1265159999020398,402.507996,2.623153,-349.980713,178.629963,-0.658558,-37.42864
1.1306054000742733,402.530365,3.31775,-349.973846,178.593981,-0.663084,-36.157132
1.1341188999358565,402.570435,4.019823,-349.96759,178.563271,-0.664975,-34.898401
1.1376318999100477,402.626221,4.743161,-349.96228,178.538748,-0.663714,-33.652791
1.1446489000227302,402.800476,6.286631,-349.956787,178.520872,-0.648932,-31.227518
1.1498308000154793,402.925354,7.159295,-349.958527,178.537545,-0.632374,-30.065445
1.1532403999008238,402.925354,7.159295,-349.958527,178.537545,-0.632374,-30.065445
1.1567708998918533,403.052521,8.079834,-349.964935,178.574157,-0.60957,-29.055607
1.1602628999389708,403.173218,8.911502,-349.974487,178.627671,-0.5835,-28.328065
1.1637542999815196,403.272369,9.730959,-349.985779,178.687603,-0.556113,-27.747773
1.1668859999626875,403.357513,10.510275,-349.996826,178.747706,-0.529757,-27.254915
1.170880600111559,403.443329,11.159154,-350.007202,178.811992,-0.50426,-26.930735
1.1744220999535173,403.515503,11.759639,-350.017639,178.876736,-0.479165,-26.707969
1.17690599989146,403.515503,11.759639,-350.017639,178.876736,-0.479165,-26.707969
1.1799306001048535,403.583862,12.266653,-350.027313,178.942282,-0.454814,-26.606441
1.1825323000084609,403.64679,12.693677,-350.036469,179.008115,-0.430922,-26.617557
1.185083500109613,403.64679,12.693677,-350.036469,179.008115,-0.430922,-26.617557
1.1875430999789387,403.70755,13.0302,-350.044983,179.074636,-0.407316,-26.750311
1.1901777000166476,403.765137,13.289839,-350.052979,179.140984,-0.383882,-26.990552
1.1931533000897616,403.765137,13.289839,-350.052979,179.140984,-0.383882,-26.990552
1.1957207000814378,404.067932,15.580711,-350.090027,179.491176,-0.25594,-27.462841
1.198213200084865,404.068207,15.175423,-350.089966,179.491176,-0.25594,-28.003312
1.2007242999970913,404.068207,15.175423,-350.089966,179.491176,-0.25594,-28.003312
1.2031630999408662,404.068207,14.698105,-350.089996,179.491176,-0.25594,-28.639754
1.2056013001129031,404.068207,14.698105,-350.089996,179.491176,-0.25594,-28.639754
1.208260599989444,404.068237,14.110828,-350.089996,179.491176,-0.25594,-29.422872
1.2107764999382198,404.068237,13.522793,-350.090027,179.491176,-0.25594,-30.206908
1.2132860000710934,404.068237,13.522793,-350.090027,179.491176,-0.25594,-30.206908
1.2158361999318004,404.068237,12.838542,-350.090027,179.491176,-0.25594,-31.119286
1.2183087000157684,404.068237,12.059007,-350.090057,179.491176,-0.25594,-32.158746
1.2208185999188572,404.068237,12.059007,-350.090057,179.491176,-0.25594,-32.158746
1.2233237999025732,404.068237,11.345069,-350.090057,179.491176,-0.25594,-33.110601
1.2258633999153972,404.068237,11.345069,-350.090057,179.491176,-0.25594,-33.110601
1.2283977000042796,404.211914,10.688,-350.08667,179.541883,-0.23835,-34.008655
1.2311311999801546,404.309875,10.28334,-350.091309,179.607315,-0.206551,-35.090055
1.2338920999318361,404.309875,10.28334,-350.091309,179.607315,-0.206551,-35.090055
1.236415300052613,404.413269,9.866739,-350.094818,179.672116,-0.173492,-36.252243
1.2389382999390364,404.549957,9.29324,-350.096771,179.740527,-0.138026,-37.604251
1.241480000084266,404.673676,8.763825,-350.099518,179.801547,-0.103533,-38.934946
1.2445020000450313,404.673676,8.763825,-350.099518,179.801547,-0.103533,-38.934946
1.2476117999758571,404.797974,8.191203,-350.101135,179.853744,-0.07288,-40.241863
1.2500978999305516,404.941559,7.514273,-350.101013,179.902273,-0.043946,-41.561786
1.2526760001201183,404.941559,7.514273,-350.101013,179.902273,-0.043946,-41.561786
1.2554170999210328,405.085297,6.83747,-350.101013,179.948167,-0.014439,-42.87575
1.2581748999655247,405.232178,6.151703,-350.100708,179.991597,0.015183,-44.185245
1.260950000025332,405.232178,6.151703,-350.100708,179.991597,0.015183,-44.185245
1.2641493999399245,405.383911,5.453796,-350.100006,-179.966903,0.045092,-45.492161
1.2677823998965323,405.540131,4.748205,-350.09903,-179.927025,0.075344,-46.796328
1.2703653001226485,405.714478,4.006464,-350.096954,-179.885887,0.107544,-48.111094
1.273314099991694,405.714478,4.006464,-350.096954,-179.885887,0.107544,-48.111094
1.2759976000525057,405.879578,3.31044,-350.095764,-179.847785,0.140088,-49.411193
1.2789904000237584,406.056641,2.587507,-350.093689,-179.810084,0.173262,-50.714844
1.2817096998915076,406.233612,1.874846,-350.091705,-179.774446,0.206666,-52.011791
1.285220199963078,406.233612,1.874846,-350.091705,-179.774446,0.206666,-52.011791
1.2877458999864757,406.414337,1.15593,-350.089508,-179.74047,0.240069,-53.305243
1.2907406000886112,406.597443,0.432631,-350.087189,-179.708384,0.273415,-54.594284
1.2934703000355512,406.597443,0.432631,-350.087189,-179.708384,0.273415,-54.594284
1.2958937000948936,406.777771,-0.287592,-350.085022,-179.679106,0.305845,-55.8745
1.2989920999389142,406.958557,-1.019914,-350.082764,-179.652234,0.3373,-57.14916
1.3032025001011789,407.100006,-1.699976,-350.082825,-179.635447,0.361995,-58.38291
1.3078568999189883,407.222046,-2.437503,-350.083221,-179.627425,0.378553,-59.594257
1.311255499953404,407.355499,-3.285224,-350.082123,-179.621123,0.392705,-60.81523
1.3147843000479043,407.46463,-4.143164,-350.082214,-179.620779,0.402617,-62.018212
1.3181596999056637,407.518066,-5.012502,-350.084503,-179.633212,0.401529,-63.178337
1.321358700050041,407.518066,-5.012502,-350.084503,-179.633212,0.401529,-63.178337
1.325339199975133,407.489716,-5.865963,-350.088654,-179.663006,0.382449,-64.154142
1.328350800089538,407.380707,-6.634866,-350.093658,-179.706895,0.34727,-64.830404
1.3318700999952853,407.214478,-7.339703,-350.09845,-179.759836,0.302522,-65.285046
1.3348848999012262,407.070312,-8.129467,-350.100342,-179.808022,0.26316,-65.777675
1.3374524000100791,407.070312,-8.129467,-350.100342,-179.808022,0.26316,-65.777675
1.3400429000612348,406.868286,-8.714025,-350.10437,-179.861135,0.221964,-66.088619
1.3426477999892086,406.649689,-9.243115,-350.106934,-179.916368,0.177732,-66.276549
1.345240999944508,406.649689,-9.243115,-350.106934,-179.916368,0.177732,-66.276549
1.3484513000585139,406.413788,-9.693438,-350.109009,-179.97332,0.13178,-66.344617
1.3510217999573797,406.164459,-10.064117,-350.110382,179.968335,0.084454,-66.295056
1.3536825000774115,406.164459,-10.064117,-350.110382,179.968335,0.084454,-66.295056
1.356421200092882,405.907135,-10.36063,-350.111023,179.909149,0.036383,-66.136633
1.3593983000610024,405.638977,-10.566516,-350.111023,179.848358,-0.012892,-65.85256
1.3634174999315292,404.068542,-12.802865,-350.089691,179.491119,-0.255998,-65.306073
1.3660240001045167,404.068207,-12.40078,-350.089813,179.491119,-0.25594,-64.770701
1.368977899895981,404.068207,-12.40078,-350.089813,179.491119,-0.25594,-64.770701
1.3712838999927044,404.068207,-11.918386,-350.089783,179.491119,-0.25594,-64.127442
1.373710700077936,404.068207,-11.918386,-350.089783,179.491119,-0.25594,-64.127442
1.3762489999644458,404.068207,-11.294641,-350.089752,179.491119,-0.25594,-63.295679
1.3788602999411523,404.068207,-10.635314,-350.089752,179.491119,-0.25594,-62.416533
1.3815184000413865,404.068207,-10.635314,-350.089752,179.491119,-0.25594,-62.416533
1.384111300110817,404.068207,-9.952739,-350.089752,179.491119,-0.25594,-61.506389
1.3867152000311762,404.068207,-9.146082,-350.089722,179.491119,-0.25594,-60.430775
1.3897396998945624,404.068207,-8.364762,-350.089722,179.491119,-0.25594,-59.389024
1.3926097999792546,404.068207,-8.364762,-350.089722,179.491119,-0.25594,-59.389024
1.3953058999031782,403.865631,-7.76892,-350.092682,179.445511,-0.286422,-58.569522
1.3983136999886483,403.686371,-7.372178,-350.087036,179.385924,-0.333977,-57.517228
1.4013453000225127,403.686371,-7.372178,-350.087036,179.385924,-0.333977,-57.517228
1.404401799896732,403.484619,-6.890338,-350.080597,179.316538,-0.384168,-56.248298
1.4069111999124289,403.313202,-6.432633,-350.072113,179.249732,-0.42926,-54.951179
1.4097104000393301,403.153687,-5.894443,-350.064209,179.186076,-0.467132,-53.618307
1.4127493998967111,403.153687,-5.894443,-350.064209,179.186076,-0.467132,-53.618307
1.415771400090307,403.019714,-5.323873,-350.056366,179.127978,-0.498416,-52.299874
1.418205700116232,402.895538,-4.690201,-350.049377,179.072573,-0.52523,-50.981384
1.4208327000960708,402.895538,-4.690201,-350.049377,179.072573,-0.52523,-50.981384
1.4238062999211252,402.808472,-4.090791,-350.041473,179.022668,-0.548034,-49.684665
1.4263744000345469,402.708496,-3.391381,-350.035339,178.971503,-0.568546,-48.369899
1.4291105999145657,402.708496,-3.391381,-350.035339,178.971503,-0.568546,-48.369899
1.4320914999116212,402.633087,-2.72702,-350.028076,178.922,-0.587969,-47.064472
1.4346725000068545,402.569977,-2.057121,-350.020752,178.873585,-0.605502,-45.761566
1.4372751000337303,402.569977,-2.057121,-350.020752,178.873585,-0.605502,-45.761566
1.4399949999060482,402.516663,-1.378612,-350.013428,178.8258,-0.62143,-44.459405
1.4429923999123275,402.469482,-0.688297,-350.006104,178.777672,-0.636155,-43.15478
1.446092400001362,402.438019,-0.010159,-349.998352,178.730918,-0.64939,-41.855885
1.4486263999715447,402.438019,-0.010159,-349.998352,178.730918,-0.64939,-41.855885
1.451657900121063,402.425537,0.656349,-349.990417,178.687144,-0.660448,-40.567073
1.4545736000873148,402.417175,1.347754,-349.982971,178.643943,-0.669673,-39.276429
1.4590457999147475,402.434845,2.016907,-349.975342,178.605842,-0.676262,-38.003259
1.4623825999442488,402.456177,2.720979,-349.968567,178.569688,-0.680674,-36.729975
1.4660418001003563,402.48819,3.438167,-349.962189,178.536227,-0.683138,-35.461848
1.4696110000368208,402.48819,3.438167,-349.962189,178.536227,-0.683138,-35.461848
1.4730456001125276,402.538452,4.157486,-349.956329,178.507923,-0.683195,-34.207013
1.4770531998947263,402.611328,4.885984,-349.951477,178.487927,-0.679872,-32.972518
1.4802544000558555,402.710358,5.644573,-349.948608,178.480708,-0.671793,-31.766614
1.4835751000791788,402.832245,6.47937,-349.949127,178.490563,-0.657297,-30.593311
1.4871036999393255,402.951355,7.449416,-349.953613,178.513366,-0.637244,-29.431524
1.4896605999674648,402.951355,7.449416,-349.953613,178.513366,-0.637244,-29.431524
1.4926324000116438,403.093689,8.316152,-349.961456,178.561323,-0.612263,-28.548825
1.4951406999025494,403.209564,9.17388,-349.973145,178.622228,-0.583729,-27.887861
1.4982133000157773,403.310699,9.970851,-349.985565,178.689207,-0.554738,-27.394888
1.5012280000373721,403.310699,9.970851,-349.985565,178.689207,-0.554738,-27.394888
1.5038562000263482,403.398865,10.700583,-349.997833,178.758077,-0.526434,-27.030029
1.5068393000401556,403.476471,11.358274,-350.009399,178.82666,-0.499333,-26.769218
1.509713500039652,403.549072,11.918214,-350.020111,178.895701,-0.473263,-26.63125
1.512754200026393,403.615631,12.391971,-350.030182,178.964914,-0.447881,-26.611139
1.517291400115937,403.615631,12.391971,-350.030182,178.964914,-0.447881,-26.611139
1.5203788001090288,403.67627,12.789708,-350.039581,179.033211,-0.423129,-26.691755
1.5233410999644548,403.734772,13.09937,-350.048126,179.100877,-0.399008,-26.879513
1.526375100016594,404.067902,15.663355,-350.090027,179.491176,-0.25594,-27.352604
1.5295506999827921,404.067902,15.663355,-350.090027,179.491176,-0.25594,-27.352604
1.5323204000014812,404.068207,15.326461,-350.089966,179.491176,-0.25594,-27.80186
1.5348757999017835,404.068237,14.869883,-350.089996,179.491176,-0.25594,-28.410685
1.5380144999362528,404.068237,14.354852,-350.089996,179.491176,-0.25594,-29.097432
1.5409023999236524,404.068237,14.354852,-350.089996,179.491176,-0.25594,-29.097432
1.54349509999156,404.068237,13.695707,-350.090027,179.491176,-0.25594,-29.976407
1.5461568001192063,404.068237,13.042167,-350.090027,179.491176,-0.25594,-30.847761
1.5492724000941962,404.068237,13.042167,-350.090027,179.491176,-0.25594,-30.847761
1.5517555999103934,404.068237,12.394966,-350.090027,179.491176,-0.25594,-31.710693
1.554261399898678,404.068268,11.541445,-350.090057,179.491176,-0.25594,-32.848874
1.5567825001198798,404.068268,11.541445,-350.090057,179.491176,-0.25594,-32.848874
1.5592602998949587,404.068268,10.739411,-350.090057,179.491176,-0.25594,-33.918185
1.5620379000902176,404.205109,10.122336,-350.086884,179.538732,-0.239038,-34.761063
1.5648082999978215,404.205109,10.122336,-350.086884,179.538732,-0.239038,-34.761063
1.567349199904129,404.324585,9.629662,-350.090668,179.608575,-0.205291,-35.930011
1.5700805000960827,404.324585,9.629662,-350.090668,179.608575,-0.205291,-35.930011
1.5726354999933392,404.441223,9.179014,-350.094666,179.67945,-0.168049,-37.192753
1.5751503999345005,404.568359,8.671388,-350.097504,179.746257,-0.131666,-38.514166
1.5777457000222057,404.568359,8.671388,-350.097504,179.746257,-0.131666,-38.514166
1.5802478000987321,404.704407,8.101707,-350.099243,179.806933,-0.097288,-39.850532
1.583202499896288,404.825409,7.55732,-350.10144,179.858327,-0.06589,-41.148683
1.5862453000154346,404.977814,6.859387,-350.100769,179.907086,-0.036555,-42.472846
1.5889457000885159,404.977814,6.859387,-350.100769,179.907086,-0.036555,-42.472846
1.5918735000304878,405.122772,6.192986,-350.100983,179.952808,-0.006303,-43.785263
1.5944030000828207,405.279633,5.490878,-350.100189,179.997442,0.024408,-45.101175
1.5969404999632388,405.279633,5.490878,-350.100189,179.997442,0.024408,-45.101175
1.5999424001201987,405.434967,4.804026,-350.099579,-179.960314,0.055634,-46.409066
1.6030246000736952,405.601746,4.090902,-350.098175,-179.918717,0.087663,-47.720337
1.6060218000784516,405.772308,3.381832,-350.096649,-179.878324,0.120608,-49.028514
1.6094607000704855,405.772308,3.381832,-350.096649,-179.878324,0.120608,-49.028514
1.6121455999091268,405.943207,2.681238,-350.095123,-179.84005,0.153725,-50.329988
1.6152278999798,406.110321,1.989777,-350.093842,-179.805214,0.185925,-51.620518
1.6178886000998318,406.293549,1.253423,-350.09137,-179.770264,0.218984,-52.918955
1.6216418999247253,406.293549,1.253423,-350.09137,-179.770264,0.218984,-52.918955
1.6246911000926048,406.481842,0.516245,-350.088745,-179.736058,0.252961,-54.216189
1.6287650999147445,406.654205,-0.18106,-350.08725,-179.70678,0.285047,-55.492681
1.6322727999649942,406.822021,-0.893026,-350.085754,-179.68157,0.314668,-56.758402
1.6354565999936312,406.988647,-1.633552,-350.084076,-179.659683,0.342228,-58.017592
1.6386587000451982,407.154907,-2.401457,-350.082214,-179.640317,0.368183,-59.272541
1.641835399903357,407.154907,-2.401457,-350.082214,-179.640317,0.368183,-59.272541
1.645390700083226,407.303284,-3.167463,-350.081299,-179.626566,0.390413,-60.508755
1.6484833001159132,407.413635,-3.935279,-350.082092,-179.622899,0.404107,-61.709961
1.6518910999875516,407.462006,-4.751894,-350.085052,-179.635791,0.401873,-62.858971
1.655092699918896,407.467621,-5.681243,-350.087738,-179.661344,0.385142,-63.914531
1.658534999936819,407.382843,-6.47797,-350.092651,-179.701108,0.35426,-64.670205
1.662090500118211,407.251587,-7.241381,-350.096771,-179.748262,0.315184,-65.242704
1.6647322999779135,407.251587,-7.241381,-350.096771,-179.748262,0.315184,-65.242704
1.668254500022158,407.092041,-7.961603,-350.100281,-179.798339,0.274218,-65.702388
1.6713260000105947,406.892029,-8.567801,-350.103973,-179.852598,0.230214,-66.00491
1.674036500044167,406.685059,-9.140755,-350.106262,-179.9068,0.186326,-66.230655
1.6785160000436008,406.455627,-9.609979,-350.108551,-179.962663,0.141521,-66.335048
1.6810097999405116,406.455627,-9.609979,-350.108551,-179.962663,0.141521,-66.335048
1.683547900058329,406.216125,-10.009219,-350.109955,179.980711,0.095799,-66.334131
1.6861072001047432,405.9617,-10.316107,-350.110931,179.922212,0.048472,-66.206419
1.689708000048995,405.700684,-10.55057,-350.110992,179.862682,0.0,-65.965089
1.693594800075516,405.700684,-10.55057,-350.110992,179.862682,0.0,-65.965089
1.69630889990367,405.434875,-10.707643,-350.110321,179.802178,-0.048988,-65.612033
1.700324600096792,404.068512,-12.528014,-350.089691,179.491119,-0.25594,-64.939667
1.7031688001006842,404.068207,-12.03392,-350.089783,179.491119,-0.25594,-64.281453
1.7057177999522537,404.068207,-12.03392,-350.089783,179.491119,-0.25594,-64.281453
1.7083546000067145,404.068207,-11.502914,-350.089783,179.491119,-0.25594,-63.573449
1.7108823999296874,404.068207,-10.898674,-350.089752,179.491119,-0.25594,-62.767698
1.7133931999560446,404.068207,-10.898674,-350.089752,179.491119,-0.25594,-62.767698
1.71653370000422,404.068207,-10.192173,-350.089752,179.491119,-0.25594,-61.825641
1.7194803999736905,404.068207,-9.402716,-350.089722,179.491119,-0.25594,-60.772946
1.7219766001217067,404.068207,-8.648888,-350.089722,179.491119,-0.25594,-59.767863
1.7249781000427902,404.068207,-8.648888,-350.089722,179.491119,-0.25594,-59.767863
1.7277528000995517,404.068207,-7.835511,-350.089722,179.491119,-0.25594,-58.683311
1.7304187000263482,403.85321,-7.195717,-350.092896,179.442188,-0.288083,-57.804165
1.732984900008887,403.85321,-7.195717,-350.092896,179.442188,-0.288083,-57.804165
1.7359718999359757,403.687653,-6.837642,-350.086517,179.383403,-0.335066,-56.769518
1.738869900116697,403.467529,-6.279492,-350.080627,179.309033,-0.386861,-55.410691
1.7419110001064837,403.304779,-5.839245,-350.071136,179.240679,-0.43287,-54.086586
1.7450167001225054,403.304779,-5.839245,-350.071136,179.240679,-0.43287,-54.086586
1.747945100069046,403.152222,-5.302696,-350.063232,179.177539,-0.469596,-52.755719
1.7509834999218583,403.016266,-4.707518,-350.055817,179.118639,-0.500249,-51.431385
1.7545370999723673,402.89447,-4.076755,-350.048615,179.062031,-0.527465,-50.109113
1.757133899955079,402.89447,-4.076755,-350.048615,179.062031,-0.527465,-50.109113
1.7601602000650018,402.801788,-3.466504,-350.040741,179.009376,-0.551357,-48.802024
1.762968699913472,402.707184,-2.793499,-350.033844,178.956492,-0.572843,-47.485653
1.766845199977979,402.635498,-2.143724,-350.026184,178.905785,-0.592496,-46.178851
1.7701562999282032,402.569489,-1.470416,-350.018768,178.855136,-0.610429,-44.869184
1.773653999902308,402.569489,-1.470416,-350.018768,178.855136,-0.610429,-44.869184
1.7763684000819921,402.529327,-0.825172,-350.010712,178.807981,-0.625956,-43.573727
1.7798210000619292,402.500214,0.475775,-349.995117,178.723527,-0.648875,-41.009741
1.7849822000134736,402.475403,1.218964,-349.989044,178.68067,-0.657297,-39.712392
1.7889404001180083,402.475403,1.218964,-349.989044,178.68067,-0.657297,-39.712392
1.792402199935168,402.471741,1.930462,-349.982117,178.639646,-0.66486,-38.424612
1.7953363999258727,402.492401,2.619909,-349.975006,178.603263,-0.670246,-37.152531
1.79781679995358,402.492401,2.619909,-349.975006,178.603263,-0.670246,-37.152531
1.8004354999866337,402.515198,3.341562,-349.968658,178.568026,-0.673798,-35.87856
1.8031917000189424,402.552948,4.06427,-349.962524,178.536227,-0.675517,-34.613469
1.8061989000998437,402.618439,4.777107,-349.95697,178.512736,-0.674085,-33.371869
1.8093191001098603,402.618439,4.777107,-349.95697,178.512736,-0.674085,-33.371869
1.811926000053063,402.703156,5.523121,-349.953186,178.499042,-0.668527,-32.150839
1.8144906999077648,402.80484,6.327175,-349.951843,178.497495,-0.658157,-30.952097
1.8174846000038087,402.80484,6.327175,-349.951843,178.497495,-0.658157,-30.952097
1.820202900096774,402.93045,7.208246,-349.953827,178.514111,-0.641484,-29.788076
1.8233010999392718,403.073792,8.076951,-349.960724,178.557599,-0.617477,-28.85066
1.82625970011577,403.186707,8.976789,-349.97168,178.61266,-0.589803,-28.098079
1.8292336000595242,403.186707,8.976789,-349.97168,178.61266,-0.589803,-28.098079
1.831777699990198,403.296539,9.750231,-349.983368,178.67855,-0.561441,-27.588147
1.8348256000317633,403.379395,10.539032,-349.995697,178.743581,-0.533252,-27.141355
1.8384779000189155,403.463013,11.195264,-350.006744,178.810846,-0.506552,-26.846568
1.8413513998966664,403.463013,11.195264,-350.006744,178.810846,-0.506552,-26.846568
1.8443243000656366,403.535706,11.782443,-350.017578,178.878799,-0.480482,-26.666258
1.8476903999689966,403.602417,12.284552,-350.027679,178.946752,-0.455158,-26.599394
1.8508707999717444,403.665588,12.693739,-350.037079,179.01522,-0.430406,-26.655085
1.853910099947825,403.665588,12.693739,-350.037079,179.01522,-0.430406,-26.655085
1.8564216000959277,403.72525,13.017981,-350.045898,179.083803,-0.405883,-26.827603
1.8589494999032468,403.781555,13.26688,-350.054016,179.151412,-0.381647,-27.099815
1.8619639000389725,404.067963,15.427742,-350.090027,179.491176,-0.25594,-27.666871
1.8649905999191105,404.067963,15.427742,-350.090027,179.491176,-0.25594,-27.666871
1.8675122999120504,404.068207,15.04123,-350.089966,179.491176,-0.25594,-28.18219
1.870531199965626,404.068237,14.519554,-350.089996,179.491176,-0.25594,-28.877875
1.8734434999059886,404.068237,14.519554,-350.089996,179.491176,-0.25594,-28.877875
1.8766153000760823,404.068237,13.947373,-350.089996,179.491176,-0.25594,-29.640826
1.8794899999629706,404.068237,13.345472,-350.090027,179.491176,-0.25594,-30.443368
1.8820557000581175,404.068237,12.573626,-350.090057,179.491176,-0.25594,-31.472572
1.8845716000068933,404.068237,12.573626,-350.090057,179.491176,-0.25594,-31.472572
1.8876213000621647,404.068237,11.87532,-350.090027,179.491176,-0.25594,-32.403628
1.8903548000380397,404.068268,10.96984,-350.090088,179.491176,-0.25594,-33.611022
1.8928710999898612,404.068268,10.96984,-350.090088,179.491176,-0.25594,-33.611022
1.895916000008583,404.068268,10.109123,-350.090088,179.491176,-0.25594,-34.758599
1.8989299000240862,404.205048,9.501151,-350.086945,179.537929,-0.238866,-35.588586
1.9014377000276,404.205048,9.501151,-350.086945,179.537929,-0.238866,-35.588586
1.9039926000405103,404.326996,9.009359,-350.090637,179.607028,-0.204775,-36.748883
1.9065016000531614,404.446198,8.560399,-350.094635,179.677387,-0.167017,-38.005093
1.9090374000370502,404.446198,8.560399,-350.094635,179.677387,-0.167017,-38.005093
1.9115379001013935,404.58493,8.01905,-350.097107,179.74597,-0.129202,-39.358935
1.914072300074622,404.721405,7.469355,-350.099243,179.807048,-0.093564,-40.694156
1.9170651999302208,404.721405,7.469355,-350.099243,179.807048,-0.093564,-40.694156
1.9201257000677288,404.85611,6.894476,-350.10083,179.860619,-0.060734,-42.012589
1.9241601000539958,404.986847,6.288452,-350.10199,179.906341,-0.031283,-43.314177
1.927447299938649,405.136322,5.583172,-350.10141,179.949198,-0.003209,-44.623787
1.9311182999517769,405.311035,4.821949,-350.099518,179.995436,0.02819,-45.953851
1.9353352999314666,405.443573,4.207773,-350.100769,-179.966215,0.058728,-47.239683
1.9386126000899822,405.628906,3.42793,-350.0979,-179.923358,0.090986,-48.564819
1.9416060000658035,405.628906,3.42793,-350.0979,-179.923358,0.090986,-48.564819
1.9441472000908107,405.807251,2.708534,-350.09613,-179.881589,0.125363,-49.879357
1.9475789999123663,405.97879,2.023104,-350.094879,-179.842972,0.159683,-51.180429
1.9507409001234919,406.167145,1.29791,-350.092438,-179.804126,0.195035,-52.489122
1.953631900018081,406.167145,1.29791,-350.092438,-179.804126,0.195035,-52.489122
1.9562284999992698,406.348755,0.602147,-350.090546,-179.768373,0.229985,-53.784694
1.9592722000088543,406.535828,-0.109274,-350.088226,-179.734339,0.264764,-55.077974
1.9622760000638664,406.719299,-0.815676,-350.086151,-179.703514,0.298454,-56.361228
1.965374199906364,406.719299,-0.815676,-350.086151,-179.703514,0.298454,-56.361228
1.968307000119239,406.896667,-1.523561,-350.08432,-179.676528,0.330138,-57.63245
1.9710623000282794,407.050873,-2.217232,-350.08371,-179.656933,0.356666,-58.876914
1.9736488999333233,407.050873,-2.217232,-350.08371,-179.656933,0.356666,-58.876914
1.9766911999322474,407.210541,-2.982056,-350.082214,-179.640202,0.380387,-60.121722
1.9797165000345558,407.324707,-3.726787,-350.083069,-179.634874,0.394997,-61.324532
1.9822746999561787,407.41507,-4.560517,-350.084076,-179.638713,0.400154,-62.50706
1.9847474999260157,407.41507,-4.560517,-350.084076,-179.638713,0.400154,-62.50706
1.987647500121966,407.432007,-5.439227,-350.087555,-179.660256,0.388408,-63.614358
1.9906685999594629,407.377625,-6.277542,-350.091553,-179.695435,0.361135,-64.453455
1.993686000118032,407.377625,-6.277542,-350.091553,-179.695435,0.361135,-64.453455
1.9962192000821233,407.264008,-7.05262,-350.095825,-179.739725,0.324695,-65.082677
1.9992468999698758,407.11142,-7.772422,-350.09964,-179.788999,0.283901,-65.563675
2.0022720999550074,406.931824,-8.428408,-350.102905,-179.84068,0.241674,-65.930253
2.004826199961826,406.931824,-8.428408,-350.102905,-179.84068,0.241674,-65.930253
2.007432400016114,406.726257,-8.997275,-350.105804,-179.894596,0.198014,-66.174448
2.0104074999690056,406.506317,-9.498321,-350.107971,-179.949485,0.15361,-66.31637
2.0131145000923425,406.506317,-9.498321,-350.107971,-179.949485,0.15361,-66.31637
2.0155895999632776,406.270294,-9.913053,-350.10965,179.994233,0.108117,-66.342898
2.018150999909267,406.021484,-10.245592,-350.110718,179.936536,0.061135,-66.250308
2.020665700081736,406.021484,-10.245592,-350.110718,179.936536,0.061135,-66.250308
2.0231552000623196,405.764832,-10.502924,-350.110992,179.877693,0.013235,-66.045132
2.0257178000174463,405.764832,-10.502924,-350.110992,179.877693,0.013235,-66.045132
2.028785299975425,405.505585,-10.690434,-350.110443,179.818507,-0.034836,-65.739
2.03126659989357,404.068542,-12.716641,-350.089691,179.491119,-0.255998,-65.191195
2.0337668999563903,404.068542,-12.716641,-350.089691,179.491119,-0.255998,-65.191195
2.03641330008395,404.068207,-12.233581,-350.089783,179.491119,-0.25594,-64.547706
2.0399142999667674,404.068207,-11.724176,-350.089783,179.491119,-0.25594,-63.868465
2.0423322001006454,404.068207,-11.134454,-350.089783,179.491119,-0.25594,-63.08208
2.044866400072351,404.068207,-11.134454,-350.089783,179.491119,-0.25594,-63.08208
2.0473974999040365,404.068207,-10.48028,-350.089752,179.491119,-0.25594,-62.209809
2.0504455000627786,404.068207,-9.689503,-350.089722,179.491119,-0.25594,-61.155338
2.0534479001071304,404.068207,-8.894271,-350.089722,179.491119,-0.25594,-60.095022
2.0569293000735343,404.068207,-8.894271,-350.089722,179.491119,-0.25594,-60.095022
2.0597711999434978,404.068207,-8.139375,-350.089722,179.491119,-0.25594,-59.088507
2.06250449991785,403.858124,-7.516721,-350.092804,179.443621,-0.28751,-58.232909
2.065063900081441,403.858124,-7.516721,-350.092804,179.443621,-0.28751,-58.232909
2.067549099912867,403.666412,-7.080143,-350.087006,179.379678,-0.337816,-57.104526
2.0700970001053065,403.469818,-6.612264,-350.079773,179.309033,-0.389096,-55.81073
2.0730671000201255,403.469818,-6.612264,-350.079773,179.309033,-0.389096,-55.81073
2.0757402000017464,403.325439,-6.226819,-350.071045,179.24807,-0.430406,-54.605857
2.078888500109315,403.209442,-5.803754,-350.063904,179.198223,-0.459627,-53.488074
2.0821946999058127,403.030273,-5.06477,-350.059479,179.136114,-0.490624,-52.133143
2.085297399898991,403.030273,-5.06477,-350.059479,179.136114,-0.490624,-52.133143
2.088943500071764,402.900085,-4.449165,-350.051575,179.076125,-0.521907,-50.80073
2.0923937000334263,402.798248,-3.860235,-350.04306,179.019918,-0.549467,-49.484703
2.095882900059223,402.718994,-3.264475,-350.03476,178.968123,-0.572442,-48.182256
2.099595099920407,402.642273,-2.61049,-350.027435,178.917645,-0.592095,-46.875969
2.1028366999235004,402.588806,-1.967385,-350.019745,178.870663,-0.60894,-45.581543
2.1057955001015216,402.588806,-1.967385,-350.019745,178.870663,-0.60894,-45.581543
2.108610900118947,402.515717,-1.242693,-350.013153,178.819268,-0.625498,-44.262537
2.1120976000092924,402.466797,-0.562842,-350.00531,178.769135,-0.641254,-42.953443
2.1150978999212384,402.431091,0.110466,-349.997162,178.71986,-0.655578,-41.648016
2.117729099933058,402.431091,0.110466,-349.997162,178.71986,-0.655578,-41.648016
2.1207022999878973,402.416931,0.764359,-349.988708,178.673623,-0.66761,-40.354449
2.1233260000590235,402.41272,1.432831,-349.980591,178.62939,-0.677465,-39.06432
2.1258409000001848,402.41272,1.432831,-349.980591,178.62939,-0.677465,-39.06432
2.128379200119525,402.421692,2.107976,-349.972687,178.587736,-0.685086,-37.780493
2.131438500015065,402.44046,2.797846,-349.965179,178.548259,-0.690701,-36.500506
2.134493000106886,402.479492,3.483295,-349.957977,178.513767,-0.693795,-35.234555
2.13746690005064,402.479492,3.483295,-349.957977,178.513767,-0.693795,-35.234555
2.140341700054705,402.534302,4.184527,-349.95166,178.484833,-0.693966,-33.980866
2.1429882999509573,402.615082,4.895796,-349.946564,178.465753,-0.6903,-32.751643
2.145742400083691,402.615082,4.895796,-349.946564,178.465753,-0.6903,-32.751643
2.148247899953276,402.705719,5.667579,-349.943726,178.455498,-0.682507,-31.535941
2.151282100006938,402.819305,6.490123,-349.94339,178.459451,-0.66973,-30.349001
2.154321900103241,402.964417,7.402525,-349.947205,178.487067,-0.649104,-29.208815
2.156832200009376,402.964417,7.402525,-349.947205,178.487067,-0.649104,-29.208815
2.159343499923125,403.110168,8.273293,-349.956787,178.541785,-0.621659,-28.376709
2.1624209000729024,403.226379,9.143984,-349.96994,178.608477,-0.590949,-27.759347
2.1653964000288397,403.226379,9.143984,-349.96994,178.608477,-0.590949,-27.759347
2.168091000057757,403.32547,9.962268,-349.983398,178.679008,-0.56041,-27.286542
2.1709948999341577,403.412781,10.702991,-349.996246,178.750399,-0.531017,-26.93572
2.173760100034997,403.412781,10.702991,-349.996246,178.750399,-0.531017,-26.93572
2.1762777999974787,403.492462,11.347383,-350.008301,178.822592,-0.502828,-26.714501
2.1788081999402493,403.564209,11.904344,-350.019623,178.894842,-0.475555,-26.613832
2.181800300022587,403.629272,12.377459,-350.030151,178.966461,-0.449142,-26.622713
2.1845631999894977,403.629272,12.377459,-350.030151,178.966461,-0.449142,-26.622713
2.1873395999427885,403.692871,12.744993,-350.039795,179.038597,-0.423244,-26.764577
2.1899049999192357,403.692871,12.744993,-350.039795,179.038597,-0.423244,-26.764577
2.192370400065556,403.749268,13.050508,-350.048859,179.108841,-0.397862,-26.993589
2.194908400066197,404.067932,15.56944,-350.090027,179.491176,-0.25594,-27.477853
2.197613100055605,404.067932,15.56944,-350.090027,179.491176,-0.25594,-27.477853
2.2005646000616252,404.068237,15.196935,-350.089966,179.491176,-0.25594,-27.974607
2.203127400018275,404.068237,14.665145,-350.089996,179.491176,-0.25594,-28.683757
2.2056472001131624,404.068237,14.665145,-350.089996,179.491176,-0.25594,-28.683757
2.2081645000725985,404.068237,14.13441,-350.089996,179.491176,-0.25594,-29.391417
2.2106417999602854,404.068237,13.564253,-350.089996,179.491176,-0.25594,-30.151617
2.2131485999561846,404.068237,13.564253,-350.089996,179.491176,-0.25594,-30.151617
2.216222499962896,404.068237,12.79528,-350.090057,179.491176,-0.25594,-31.17704
2.219154299935326,404.068237,12.060431,-350.090057,179.491176,-0.25594,-32.156798
2.221685600001365,404.068268,11.281446,-350.090057,179.491176,-0.25594,-33.195513
2.226726199965924,404.068268,10.435987,-350.090057,179.491176,-0.25594,-34.322808
2.230390700045973,404.203949,9.826856,-350.086914,179.538044,-0.239038,-35.154341
2.2338628000579774,404.203949,9.826856,-350.086914,179.538044,-0.239038,-35.154341
2.236983200069517,404.068298,9.11444,-350.090027,179.491176,-0.25594,-36.08471
2.240000900113955,404.284149,8.173443,-350.085358,179.563254,-0.228037,-37.367849
2.2435443999711424,404.410187,7.737573,-350.092407,179.644557,-0.182774,-38.719514
2.2470619999803603,404.560242,7.202565,-350.09494,179.718869,-0.141349,-40.089341
2.250075099989772,404.701965,6.698449,-350.097778,179.785734,-0.101356,-41.434761
2.253044500015676,404.701965,6.698449,-350.097778,179.785734,-0.101356,-41.434761
2.256549899931997,404.852692,6.135102,-350.099182,179.845894,-0.064286,-42.771128
2.259420600021258,405.007782,5.537038,-350.099884,179.900784,-0.028877,-44.098728
2.2622863999567926,405.175171,4.8855,-350.099487,179.952751,0.005959,-45.427646
2.264731900068,405.175171,4.8855,-350.099487,179.952751,0.005959,-45.427646
2.2672842999454588,405.342255,4.238194,-350.099091,-179.998473,0.040852,-46.748028
2.2702544000931084,405.522186,3.553502,-350.097687,-179.950803,0.076318,-48.072248
2.2727979000192136,405.522186,3.553502,-350.097687,-179.950803,0.076318,-48.072248
2.275351099902764,405.696381,2.896367,-350.096741,-179.90657,0.111784,-49.383519
2.2779341000132263,405.696381,2.896367,-350.096741,-179.90657,0.111784,-49.383519
2.280547200003639,405.879364,2.212556,-350.095062,-179.864057,0.147365,-50.694733
2.283076100051403,406.069733,1.514089,-350.092896,-179.822861,0.183518,-52.005546
2.2860898000653833,406.253357,0.838684,-350.091217,-179.785218,0.218984,-53.302894
2.2892086000647396,406.253357,0.838684,-350.091217,-179.785218,0.218984,-53.302894
2.2920655999332666,406.434479,0.158585,-350.089539,-179.751184,0.253018,-54.59033
2.2950883999001235,406.623779,-0.556435,-350.087128,-179.718812,0.286651,-55.878511
2.2981064000632614,406.805389,-1.263986,-350.085205,-179.690279,0.318622,-57.153858
2.300998399965465,406.805389,-1.263986,-350.085205,-179.690279,0.318622,-57.153858
2.3039635999593884,406.97641,-1.974655,-350.083771,-179.666616,0.347671,-58.414021
2.3070193000603467,407.138123,-2.708497,-350.08255,-179.647823,0.37311,-59.661178
2.3097330001182854,407.27774,-3.458193,-350.082245,-179.636364,0.392648,-60.885647
2.3127397999633104,407.27774,-3.458193,-350.082245,-179.636364,0.392648,-60.885647
2.3152964001055807,407.382172,-4.241357,-350.083252,-179.635218,0.402847,-62.07843
2.318068299908191,407.441986,-5.102215,-350.085358,-179.647021,0.400211,-63.236091
2.3205738998949528,407.441986,-5.102215,-350.085358,-179.647021,0.400211,-63.236091
2.3236384000629187,407.401001,-5.903976,-350.090149,-179.679049,0.376662,-64.13575
2.326435700058937,407.319489,-6.741391,-350.093689,-179.719442,0.342973,-64.861687
2.328907399903983,407.319489,-6.741391,-350.093689,-179.719442,0.342973,-64.861687
2.3319627000018954,407.174774,-7.465689,-350.098267,-179.767972,0.302636,-65.380787
2.3352520999033004,407.002533,-8.148465,-350.101715,-179.819653,0.25955,-65.778019
2.338226600084454,406.816406,-8.782684,-350.10437,-179.871505,0.217437,-66.099906
2.3410010000225157,406.816406,-8.782684,-350.10437,-179.871505,0.217437,-66.099906
2.3436342999339104,406.59726,-9.293504,-350.107239,-179.926395,0.17332,-66.276034
2.3466705000028014,406.366241,-9.743198,-350.10907,-179.982545,0.127598,-66.343184
2.3496517001185566,406.366241,-9.743198,-350.10907,-179.982545,0.127598,-66.343184
2.352641300065443,406.119995,-10.106294,-350.110413,179.959798,0.080558,-66.289727
2.355637799948454,405.869659,-10.405976,-350.11087,179.901872,0.033289,-66.139555
2.358192800078541,405.607849,-10.611069,-350.11084,179.842342,-0.015069,-65.865395
2.361197999911383,405.607849,-10.611069,-350.11084,179.842342,-0.015069,-65.865395
2.3638565000146627,404.068542,-12.829008,-350.089722,179.491119,-0.255998,-65.340966
2.3663737000897527,404.068207,-12.374687,-350.089813,179.491119,-0.25594,-64.735866
2.3688910000491887,404.068207,-12.374687,-350.089813,179.491119,-0.25594,-64.735866
2.3714352000970393,404.068207,-11.858445,-350.089783,179.491119,-0.25594,-64.047514
2.373949399916455,404.068207,-11.858445,-350.089783,179.491119,-0.25594,-64.047514
2.3764839000068605,404.068207,-11.282292,-350.089783,179.491119,-0.25594,-63.279235
2.3789709999691695,404.068207,-10.670715,-350.089752,179.491119,-0.25594,-62.463802
2.381493099965155,404.068207,-10.670715,-350.089752,179.491119,-0.25594,-62.463802
2.3841047000605613,404.068207,-9.927983,-350.089722,179.491119,-0.25594,-61.473329
2.387297699926421,404.068207,-9.23678,-350.089752,179.491119,-0.25594,-60.551784
2.390881600091234,404.068207,-8.364161,-350.089722,179.491119,-0.25594,-59.388107
2.3944627000018954,404.068207,-7.503517,-350.089722,179.491119,-0.25594,-58.240644
2.3974063999485224,404.068207,-6.630345,-350.089722,179.491119,-0.25594,-57.076394
2.401009399909526,404.068207,-6.630345,-350.089722,179.491119,-0.25594,-57.076394
2.404574600048363,403.859741,-5.993466,-350.092865,179.442475,-0.286708,-56.202748
2.4076209999620914,403.708313,-5.655069,-350.086517,179.385293,-0.331227,-55.201275
2.41095900000073,403.551392,-5.265576,-350.080444,179.325419,-0.37311,-54.097472
2.414602499920875,403.334412,-4.588629,-350.075806,179.252138,-0.417113,-52.710513
2.4175346000120044,403.334412,-4.588629,-350.075806,179.252138,-0.417113,-52.710513
2.420259299920872,403.173492,-4.049634,-350.06723,179.182352,-0.459168,-51.355296
2.4232858999166638,403.030731,-3.492362,-350.058746,179.115717,-0.495838,-50.010163
2.4263146999292076,402.913605,-2.941929,-350.049713,179.052921,-0.527809,-48.679869
2.4288745999801904,402.913605,-2.941929,-350.049713,179.052921,-0.527809,-48.679869
2.4320112001150846,402.810699,-2.359319,-350.041046,178.993047,-0.555368,-47.355363
2.4347753000911325,402.718201,-1.743855,-350.032654,178.934834,-0.579661,-46.032002
2.4373089999426156,402.718201,-1.743855,-350.032654,178.934834,-0.579661,-46.032002
2.4398523001000285,402.64679,-1.134168,-350.023895,178.879544,-0.600975,-44.718439
2.4428894999437034,402.581696,-0.491331,-350.015533,178.824941,-0.619883,-43.402756
2.445453600026667,402.581696,-0.491331,-350.015533,178.824941,-0.619883,-43.402756
2.4484250999521464,402.537262,0.139887,-350.006775,178.773088,-0.636442,-42.096813
2.4509882999118418,402.504456,0.78572,-349.998199,178.723069,-0.650594,-40.794137
2.453999999910593,402.480774,1.448072,-349.989838,178.674138,-0.662798,-39.492491
2.457084699999541,402.480774,1.448072,-349.989838,178.674138,-0.662798,-39.492491
2.4600961999967694,402.481445,2.091444,-349.981201,178.629562,-0.672481,-38.205628
2.463192099938169,402.491852,2.757801,-349.973206,178.587622,-0.679643,-36.922775
2.465632400009781,402.491852,2.757801,-349.973206,178.587622,-0.679643,-36.922775
2.468360499944538,402.518311,3.432045,-349.965607,178.549806,-0.684341,-35.649835
2.4710395999718457,402.561005,4.119494,-349.95871,178.517033,-0.686289,-34.388354
2.474054899998009,402.626404,4.817405,-349.95282,178.492396,-0.684685,-33.146754
2.477098200004548,402.626404,4.817405,-349.95282,178.492396,-0.684685,-33.146754
2.479643400060013,402.706329,5.558428,-349.94873,178.476353,-0.679299,-31.920854
2.48261750000529,402.808502,6.34444,-349.946899,178.473145,-0.6691,-30.721252
2.4856531000696123,402.808502,6.34444,-349.946899,178.473145,-0.6691,-30.721252
2.48880139994435,402.93927,7.207222,-349.948669,178.490333,-0.651969,-29.562044
2.4918752000667155,403.087494,8.07642,-349.956116,178.537029,-0.626644,-28.635342
2.4943667999468744,403.204773,8.964859,-349.96814,178.59782,-0.597137,-27.93301
2.497231600107625,403.204773,8.964859,-349.96814,178.59782,-0.597137,-27.93301
2.499727600021288,403.30957,9.775869,-349.980957,178.666346,-0.567114,-27.425026
2.5022915999870747,403.397217,10.539988,-349.993805,178.73619,-0.537664,-27.032378
2.5053006999660283,403.397217,10.539988,-349.993805,178.73619,-0.537664,-27.032378
2.5079898999538273,403.478851,11.200074,-350.005829,178.80758,-0.509417,-26.778844
2.5105675000231713,403.616669,12.278041,-350.027802,178.949616,-0.455731,-26.608676
2.517020500032231,403.616669,12.278041,-350.027802,178.949616,-0.455731,-26.608676
2.52020510006696,403.677124,12.690755,-350.037537,179.01946,-0.430177,-26.684192
2.523071500007063,403.734344,13.018994,-350.046417,179.0881,-0.405368,-26.860949
2.5260948999784887,403.796661,13.221789,-350.054413,179.158861,-0.380387,-27.195556
2.5292003001086414,403.796661,13.221789,-350.054413,179.158861,-0.380387,-27.195556
2.532158900052309,404.067993,15.321539,-350.090027,179.491176,-0.25594,-27.808507
2.534718800103292,404.068237,14.856278,-350.089996,179.491176,-0.25594,-28.428848
2.537308699917048,404.068237,14.856278,-350.089996,179.491176,-0.25594,-28.428848
2.541420300025493,404.068237,14.339885,-350.089996,179.491176,-0.25594,-29.117429
2.544515199959278,404.068237,13.789079,-350.089996,179.491176,-0.25594,-29.851846
2.54790490004234,404.068237,13.138277,-350.090027,179.491176,-0.25594,-30.719648
2.551431200001389,404.068268,12.326197,-350.090057,179.491176,-0.25594,-31.802538
2.5555489999242127,404.068237,11.677954,-350.090027,179.491176,-0.25594,-32.66673
2.558710299897939,404.068237,11.049679,-350.090027,179.491176,-0.25594,-33.504395
2.5615610000677407,404.068237,11.049679,-350.090027,179.491176,-0.25594,-33.504395
2.56471040006727,404.250305,10.216178,-350.085815,179.555175,-0.233137,-34.642174
2.5676990000065416,404.319611,9.958653,-350.092865,179.618143,-0.199447,-35.663529
2.5716675999574363,404.451447,9.413664,-350.094604,179.687815,-0.164496,-36.952741
2.575108499964699,404.553986,8.987247,-350.098358,179.747689,-0.130978,-38.165865
2.577664300100878,404.709351,8.315658,-350.098145,179.809225,-0.097689,-39.520795
2.580638400046155,404.849854,7.717307,-350.099487,179.866521,-0.063255,-40.854412
2.5851424001157284,404.849854,7.717307,-350.099487,179.866521,-0.063255,-40.854412
2.5878169001080096,404.988464,7.11669,-350.100433,179.918373,-0.030195,-42.173819
2.5908109999727458,405.146942,6.438543,-350.099701,179.968278,0.002406,-43.500904
2.5933860999066383,405.146942,6.438543,-350.099701,179.968278,0.002406,-43.500904
2.5966640999540687,405.305634,5.771302,-350.099091,-179.984206,0.035581,-44.820884
2.599346400005743,405.456268,5.129266,-350.098938,-179.941234,0.067953,-46.124649
2.6020625999663025,405.628082,4.417696,-350.097137,-179.898492,0.100783,-47.43953
2.6046460000798106,405.628082,4.417696,-350.097137,-179.898492,0.100783,-47.43953
2.6076523999217898,405.804962,3.707657,-350.095245,-179.856666,0.13476,-48.752921
2.6107515001203865,405.988831,2.994097,-350.092957,-179.815527,0.169882,-50.066083
2.6137089000549167,405.988831,2.994097,-350.092957,-179.815527,0.169882,-50.066083
2.6162974999751896,406.167175,2.307241,-350.091156,-179.777483,0.204832,-51.366927
2.618775400100276,406.354645,1.597326,-350.088684,-179.740585,0.240069,-52.668744
2.6217461000196636,406.538483,0.89932,-350.086487,-179.706665,0.274619,-53.960191
2.6248087999410927,406.538483,0.89932,-350.086487,-179.706665,0.274619,-53.960191
2.6273729000240564,406.722565,0.19296,-350.084198,-179.675554,0.308309,-55.244877
2.630557900061831,406.907166,-0.526165,-350.081818,-179.647021,0.340967,-56.523833
2.633531700121239,406.907166,-0.526165,-350.081818,-179.647021,0.340967,-56.523833
2.636111000087112,407.089172,-1.254047,-350.079529,-179.621467,0.372251,-57.794768
2.638878900092095,407.25769,-1.978028,-350.077972,-179.601012,0.400268,-59.0484
2.6433780000079423,407.413391,-2.721732,-350.076904,-179.586058,0.424103,-60.286447
2.6458793999627233,407.536133,-3.475553,-350.077393,-179.5805,0.439745,-61.492867
2.6488910000771284,407.536133,-3.475553,-350.077393,-179.5805,0.439745,-61.492867
2.6512209998909384,407.619629,-4.287578,-350.079163,-179.586688,0.443928,-62.665483
2.6537480999249965,407.619629,-4.287578,-350.079163,-179.586688,0.443928,-62.665483
2.656322800088674,407.642914,-5.195649,-350.082611,-179.609263,0.431666,-63.793178
2.6587439998984337,407.564728,-6.022724,-350.088318,-179.650344,0.399008,-64.605174
2.6614306999836117,407.564728,-6.022724,-350.088318,-179.650344,0.399008,-64.605174
2.663977100048214,407.438293,-6.84698,-350.093048,-179.699675,0.357067,-65.226031
2.666577300056815,407.263062,-7.585964,-350.09787,-179.754565,0.310887,-65.677923
2.669133699964732,407.263062,-7.585964,-350.09787,-179.754565,0.310887,-65.677923
2.671658300096169,407.058807,-8.256265,-350.101868,-179.812032,0.26316,-66.004509
2.6741629999596626,406.835754,-8.853756,-350.105103,-179.870359,0.215489,-66.228192
2.676967900013551,406.835754,-8.853756,-350.105103,-179.870359,0.215489,-66.228192
2.6796343000605702,406.59259,-9.356043,-350.107849,-179.930004,0.167132,-66.332069
2.6821367000229657,406.336884,-9.777422,-350.109772,-179.990566,0.117915,-66.322099
2.684671900002286,406.336884,-9.777422,-350.109772,-179.990566,0.117915,-66.322099
2.6877154000103474,406.072449,-10.118641,-350.110901,179.948224,0.068239,-66.201606
2.6902463999576867,405.795532,-10.362625,-350.11145,179.885314,0.017074,-65.948703
2.69331629993394,405.795532,-10.362625,-350.11145,179.885314,0.017074,-65.948703
2.696168600115925,405.526428,-10.5605,-350.110687,179.823549,-0.03306,-65.618049
2.699187000049278,404.068542,-12.626097,-350.089691,179.491119,-0.255998,-65.070473
2.70175169990398,404.068542,-12.626097,-350.089691,179.491119,-0.255998,-65.070473
2.7044772999361157,404.068207,-12.061801,-350.089783,179.491119,-0.25594,-64.318581
2.707365300040692,404.068207,-11.489637,-350.089783,179.491119,-0.25594,-63.555687
2.710212199948728,404.068207,-10.885757,-350.089752,179.491119,-0.25594,-62.75051
2.7132677000481635,404.068207,-10.885757,-350.089752,179.491119,-0.25594,-62.75051
2.715870999963954,404.068207,-10.25811,-350.089752,179.491119,-0.25594,-61.913647
2.718794499989599,404.068207,-9.438647,-350.089722,179.491119,-0.25594,-60.820845
2.7220467999577522,404.068207,-8.63298,-350.089722,179.491119,-0.25594,-59.746606
2.725271200062707,404.068207,-8.63298,-350.089722,179.491119,-0.25594,-59.746606
2.7276729000732303,404.068207,-7.808788,-350.089722,179.491119,-0.25594,-58.647673
2.7301878000143915,403.843964,-7.138083,-350.093048,179.440011,-0.289516,-57.72693
2.733185099903494,403.843964,-7.138083,-350.093048,179.440011,-0.289516,-57.72693
2.7361977000255138,403.673248,-6.765013,-350.086365,179.378762,-0.338503,-56.646905
2.73875920008868,403.477814,-6.280828,-350.079803,179.309147,-0.387892,-55.365256
2.7416715000290424,403.477814,-6.280828,-350.079803,179.309147,-0.387892,-55.365256
2.7441948999185115,403.305481,-5.789315,-350.071411,179.240564,-0.432927,-54.02442
2.7466971001122147,403.153687,-5.247271,-350.063416,179.177252,-0.470055,-52.691147
2.7492110999301076,403.153687,-5.247271,-350.063416,179.177252,-0.470055,-52.691147
2.7519934999290854,403.030365,-4.686862,-350.055359,179.119785,-0.500651,-51.375407
2.7546518000308424,402.910828,-4.04372,-350.048584,179.064609,-0.52672,-50.055484
2.757513100048527,402.910828,-4.04372,-350.048584,179.064609,-0.52672,-50.055484
2.7600485999137163,402.809814,-3.39766,-350.041382,179.011152,-0.550612,-48.740259
2.762560599949211,402.72644,-2.751016,-350.033936,178.9597,-0.572156,-47.430936
2.765067799948156,402.72644,-2.751016,-350.033936,178.9597,-0.572156,-47.430936
2.7680269998963922,402.659241,-2.099793,-350.026459,178.910369,-0.591178,-46.127514
2.77066530007869,402.600677,-1.428436,-350.019196,178.861954,-0.608137,-44.824035
2.7732301000505686,402.600677,-1.428436,-350.019196,178.861954,-0.608137,-44.824035
2.7758623000700027,402.551361,-0.747256,-350.011871,178.814055,-0.623607,-43.520614
2.778461900074035,402.51355,-0.065147,-350.004395,178.7669,-0.637587,-42.219255
2.781336300075054,402.51355,-0.065147,-350.004395,178.7669,-0.637587,-42.219255
2.783929100027308,402.488831,0.614893,-349.996735,178.721006,-0.649906,-40.922021
2.786385399987921,402.479126,1.29186,-349.989014,178.677347,-0.660334,-39.631491
2.788878499995917,402.479126,1.29186,-349.989014,178.677347,-0.660334,-39.631491
2.7913867000024766,402.482758,1.973521,-349.981476,178.636151,-0.668584,-38.347263
2.794012200087309,402.482758,1.973521,-349.981476,178.636151,-0.668584,-38.347263
2.796693299897015,402.499023,2.664029,-349.974274,178.597763,-0.674715,-37.069338
2.7997773999813944,402.532959,3.357065,-349.967438,178.563958,-0.678267,-35.803388
2.8024860001169145,402.579926,4.069852,-349.961426,178.534795,-0.679184,-34.546891
2.8050240001175553,402.579926,4.069852,-349.961426,178.534795,-0.679184,-34.546891
2.8080623000860214,402.65033,4.791869,-349.956451,178.514226,-0.676549,-33.311422
2.8105109001044184,402.730804,5.564685,-349.953308,178.50122,-0.670246,-32.087986
2.8131027000490576,402.730804,5.564685,-349.953308,178.50122,-0.670246,-32.087986
2.8157311999239028,402.830872,6.380356,-349.952179,178.499902,-0.659646,-30.887811
2.8181211999617517,402.962738,7.260901,-349.954346,178.519096,-0.642343,-29.730379
2.821275800000876,402.962738,7.260901,-349.954346,178.519096,-0.642343,-29.730379
2.823755499906838,403.102295,8.137757,-349.961731,178.563672,-0.61782,-28.807459
2.826300400076434,403.21698,9.009171,-349.972839,178.62114,-0.589803,-28.100543
2.8292330000549555,403.21698,9.009171,-349.972839,178.62114,-0.589803,-28.100543
2.8318155999295413,403.317474,9.821198,-349.984711,178.68491,-0.561327,-27.559556
2.8347767000086606,403.404022,10.576124,-349.996521,178.750227,-0.533481,-27.13488
2.8381731999106705,403.484253,11.233912,-350.00769,178.817378,-0.506609,-26.845307
2.841091699898243,403.484253,11.233912,-350.00769,178.817378,-0.506609,-26.845307
2.844091499922797,403.554932,11.817811,-350.018433,178.884815,-0.480482,-26.667175
2.846734100021422,403.619812,12.31586,-350.028412,178.952195,-0.455215,-26.601628
2.8496642999816686,403.619812,12.31586,-350.028412,178.952195,-0.455215,-26.601628
2.8525336000602692,403.680542,12.725732,-350.037689,179.019746,-0.43052,-26.651819
2.855358900036663,403.735901,13.064151,-350.046326,179.086152,-0.406399,-26.796606
2.858419100055471,403.794617,13.289113,-350.054108,179.153818,-0.382277,-27.08148
2.8612486999481916,403.794617,13.289113,-350.054108,179.153818,-0.382277,-27.08148
2.8641460000071675,404.067963,15.448284,-350.090027,179.491176,-0.25594,-27.639484
2.867447700118646,404.068237,15.026106,-350.089966,179.491176,-0.25594,-28.202415
2.873005999950692,404.068237,14.993785,-350.089996,179.491176,-0.25594,-28.245501
2.8758775000460446,404.068268,14.123524,-350.090057,179.491176,-0.25594,-29.406142
2.878497099969536,404.068268,13.322321,-350.090057,179.491176,-0.25594,-30.474365
2.880978500004858,404.068268,13.322321,-350.090057,179.491176,-0.25594,-30.474365
2.8837146000005305,404.068237,12.619059,-350.090027,179.491176,-0.25594,-31.411953
2.886259699938819,404.068268,11.800499,-350.090057,179.491176,-0.25594,-32.503437
2.8897265000268817,404.068268,11.800499,-350.090057,179.491176,-0.25594,-32.503437
2.892263300018385,404.068268,10.975883,-350.090057,179.491176,-0.25594,-33.602943
2.895106399897486,404.068268,10.200606,-350.090057,179.491176,-0.25594,-34.636617
2.8981190000195056,404.209137,9.569742,-350.086823,179.539591,-0.238236,-35.497371
2.900878299959004,404.209137,9.569742,-350.086823,179.539591,-0.238236,-35.497371
2.9044691000599414,404.339142,9.038674,-350.090515,179.612643,-0.202197,-36.728428
2.907325000036508,404.439819,8.667236,-350.095337,179.679335,-0.165298,-37.91892
2.9103282999712974,404.587585,8.071598,-350.09668,179.747517,-0.128514,-39.28021
2.912917699897662,404.587585,8.071598,-350.09668,179.747517,-0.128514,-39.28021
2.91550110001117,404.720551,7.533086,-350.099152,179.808881,-0.092246,-40.615202
2.9180596000514925,404.865326,6.924523,-350.099976,179.864401,-0.058499,-41.945495
2.920690899947658,404.865326,6.924523,-350.099976,179.864401,-0.058499,-41.945495
2.9239382999949157,405.003662,6.32141,-350.101013,179.913962,-0.026241,-43.258829
2.926939999917522,405.164612,5.626164,-350.100098,179.962033,0.005558,-44.583278
2.9297265000641346,405.324524,4.947421,-350.099518,-179.991998,0.038274,-45.900738
2.9336117999628186,405.490112,4.259391,-350.09848,-179.947709,0.071562,-47.215962
2.938253599917516,405.662567,3.561724,-350.097046,-179.904737,0.105539,-48.530213
2.94226219994016,405.8349,2.874163,-350.095642,-179.864057,0.139744,-49.837072
2.945227700052783,406.013184,2.174076,-350.093781,-179.825096,0.174179,-51.141926
2.950526800006628,406.192596,1.474671,-350.091888,-179.788369,0.208499,-52.44065
2.9555828999727964,406.361664,0.795047,-350.090607,-179.756284,0.240929,-53.722586
2.9589708000421524,406.5513,0.05106,-350.087799,-179.723625,0.274218,-55.016668
2.9615450999699533,406.728027,-0.661537,-350.085938,-179.695206,0.306074,-56.293562
2.9660904000047594,406.904358,-1.391657,-350.083923,-179.669595,0.336498,-57.56421
2.9691029000096023,406.904358,-1.391657,-350.083923,-179.669595,0.336498,-57.56421
2.9716155999340117,407.066772,-2.118069,-350.082642,-179.649198,0.363656,-58.817384
2.9746246999129653,407.222687,-2.875213,-350.08139,-179.63304,0.387549,-60.060702
2.977324200095609,407.222687,-2.875213,-350.08139,-179.63304,0.387549,-60.060702
2.9803212000988424,407.3526,-3.640835,-350.081329,-179.624618,0.405196,-61.278696
2.9829490000847727,407.427155,-4.42559,-350.083588,-179.630577,0.409665,-62.448389
2.9860785000491887,407.427155,-4.42559,-350.083588,-179.630577,0.409665,-62.448389
2.9883520998992026,407.466583,-5.347749,-350.085785,-179.648854,0.400727,-63.593101
2.990864699939266,407.401581,-6.147167,-350.090912,-179.685409,0.372938,-64.422343
2.993779599899426,407.401581,-6.147167,-350.090912,-179.685409,0.372938,-64.422343
2.996276400052011,407.292328,-6.950538,-350.09491,-179.730099,0.335467,-65.066806
